Workbook

Sheet All Circle
B3: REPORT ACCUMULATION ACHIEVEMENT PROMOTOR
B4: Region | C4: RGE | D4: Area Penempatan | E4: Jumlah Promotor | F4: Edukasi Total | G4: Rebuy Total | H4: Akuisisi Total
B5: Central Java | C5: Yogie | D5: Yogyakarta | E5: 5 | F5: 309 | G5: 4 | H5: 49
C6: Fitri | D6: Solo | E6: 4 | F6: 299 | G6: 13 | H6: 57
C7: Wahyudi | D7: Semarang | E7: 6 | F7: 388 | G7: 32 | H7: 61
C8: Lingga | D8: Sleman | E8: 4 | F8: 41 | G8: 23 | H8: 36
C9: TOTAL | E9: 19 | F9: 1037 | G9: 72 | H9: 203
B10: East Java | C10: Melody | D10: Surabaya | E10: 7 | F10: 56 | G10: 36 | H10: 22
C11: Fendi | D11: Malang | E11: 5 | F11: 227 | G11: 34 | H11: 48
C12: Rizal | D12: Jember | E12: 5 | F12: 133 | G12: 6 | H12: 16
C13: TOTAL | E13: 17 | F13: 416 | G13: 76 | H13: 86
B14: Bali Nusra | C14: Maria | D14: Denpasar | E14: 4 | F14: 10 | G14: 0 | H14: 0
C15: Dewa | D15: Gianyar | E15: 2 | F15: 4 | G15: 2 | H15: 0
C16: Diswan | D16: Badung | E16: 2 | F16: 0 | G16: 0 | H16: 0
C17: Afan | D17: Singaraja | E17: 2 | F17: 0 | G17: 0 | H17: 0
C18: TOTAL | E18: =SUM(E14:E17) -> 10 | F18: =SUM(F14:F17) -> 14 | G18: =SUM(G14:G17) -> 2 | H18: =SUM(H14:H17) -> 0
B19: Total Circle Java | E19: =SUM(E9+E13+E18) -> 46 | F19: =F9+F13+F18 -> 1467 | G19: =G18+G13+G9 -> 150 | H19: =H18+H13+H9 -> 289
B23: REPORT ACHIEVEMENT PROMOTOR - 30 JUNI 2026
B24: Region | C24: RGE | D24: Area Penempatan | E24: Jumlah Promotor | F24: Edukasi Total | G24: Rebuy Total | H24: Akuisisi Total
B25: Central Java | C25: Yogie | D25: Yogyakarta | E25: 5 | F25: 309 | G25: 4 | H25: 49
C26: Fitri | D26: Solo | E26: 4 | F26: 299 | G26: 13 | H26: 57
C27: Wahyudi | D27: Semarang | E27: 6 | F27: 388 | G27: 32 | H27: 61
C28: Lingga | D28: Sleman | E28: 4 | F28: 41 | G28: 23 | H28: 36
C29: TOTAL | E29: 19 | F29: 1037 | G29: 72 | H29: 203
B30: East Java | C30: Melody | D30: Surabaya | E30: 7 | F30: 56 | G30: 36 | H30: 22
C31: Fendi | D31: Malang | E31: 5 | F31: 227 | G31: 34 | H31: 48
C32: Rizal | D32: Jember | E32: 5 | F32: 133 | G32: 6 | H32: 16
C33: TOTAL | E33: 17 | F33: 416 | G33: 76 | H33: 86
B34: Bali Nusra | C34: Maria | D34: Denpasar | E34: 4 | F34: 10 | G34: 0 | H34: 0
C35: Dewa | D35: Gianyar | E35: 2 | F35: 4 | G35: 2 | H35: 0
C36: Diswan | D36: Badung | E36: 2 | F36: 0 | G36: 0 | H36: 0
C37: Afan | D37: Singaraja | E37: 2 | F37: 0 | G37: 0 | H37: 0
C38: TOTAL | E38: =SUM(E34:E37) -> 10 | F38: =SUM(F34:F37) -> 14 | G38: =SUM(G34:G37) -> 2 | H38: =SUM(H34:H37) -> 0
B39: Total Circle Java | E39: =SUM(E29+E33+E38) -> 46 | F39: =F29+F33+F38 -> 1467 | G39: =G38+G33+G29 -> 150 | H39: =H38+H33+H29 -> 289
B43: REPORT ACHIEVEMENT PROMOTOR - 07 JULI 2026
B44: Region | C44: RGE | D44: Area Penempatan | E44: Jumlah Promotor | F44: Edukasi Total | G44: Rebuy Total | H44: Akuisisi Total
B45: Central Java | C45: Yogie | D45: Yogyakarta | E45: 5 | F45: 267 | G45: 5 | H45: 37
C46: Fitri | D46: Solo | E46: 4 | F46: 104 | G46: 22 | H46: 15
C47: Wahyudi | D47: Semarang | E47: 6 | F47: 547 | G47: 72 | H47: 91
C48: Lingga | D48: Sleman | E48: 4 | F48: 100 | G48: 2 | H48: 21
C49: TOTAL | E49: 19 | F49: =SUM(F45:F48) -> 1018 | G49: =SUM(G45:G48) -> 101 | H49: =SUM(H45:H48) -> 164
B50: East Java | C50: Melody | D50: Surabaya | E50: 7 | F50: 280 | G50: 108 | H50: 46
C51: Fendi | D51: Malang | E51: 5 | F51: 296 | G51: 55 | H51: 5
C52: Rizal | D52: Jember | E52: 5 | F52: 385 | G52: 26 | H52: 15
C53: TOTAL | E53: 17 | F53: =SUM(F49:F52) -> 1979 | G53: =SUM(G49:G52) -> 290 | H53: =SUM(H49:H52) -> 230
B54: Bali Nusra | C54: Maria | D54: Denpasar | E54: 4 | F54: 20 | G54: 0 | H54: 5
C55: Dewa | D55: Gianyar | E55: 2
C56: Diswan | D56: Badung | E56: 2
C57: Afan | D57: Singaraja | E57: 2 | F57: 10 | G57: 0 | H57: 10
C58: TOTAL | E58: =SUM(E54:E57) -> 10

Sheet Form Responses 1
A1: Timestamp | B1: Hari & Tanggal | C1: Region | D1: Area Penempatan | E1: Nama Promotor | F1: Nama Outlet | G1: Upload Foto Kehadiran dengan Time Stamp (untuk Bukti Kehadiran) | H1: Jumlah edukasi - isi dengan angka. Cth: 2 (Target 30 hari: 600 edukasi Gemini) | I1: Bukti Foto Edukasi | J1: Jumlah penjualan Kartu Perdana - isi dengan angka. Cth: 2 (Target 30 hari: 100 Kartu Perdana terjual) | K1: Jumlah penjualan Paket Isi Ulang - isi dengan angka. Cth: 2 (Target 30 hari: 200 Paket Isi Ulang terjual) | L1: Bukti Foto Penjualan | M1: List No. HP yang terjual | N1: List No. HP yang melakukan isi ulang | O1: Upload Foto Kepulangan dengan Time Stamp (untuk Bukti Kepulangan) | P1: Jumlah aktivasi Gemini dari orang yang diedukasi | Q1: Hari & Tanggal 2 | R1: Brand | S1: Column 1 | T1: Column 20
A2: 46204.859 | B2: 46204 | C2: East Java (Jatim) | D2: Surabaya | E2: Adit | F2: Axoo Cell | G2: https://drive.google.com/open?id=1ccOL6O0qsZ-h7GEBmipzs5VF9_fU9UdS | H2: 15 | J2: 1 | K2: 2 | L2: https://drive.google.com/open?id=1z4SVoYWE52ZAQ2h8WINT3YU4c1HJwC1W | M2: 089684210008 | N2: 085606633231 | O2: https://drive.google.com/open?id=1eNqXWrNDv_TnHPJ4gi2yqCPCrKy3kLYH | P2: 1
A3: 46205.717 | B3: 46205 | C3: East Java (Jatim) | D3: Surabaya | E3: Adit | F3: Axoo | G3: https://drive.google.com/open?id=1pP1PFCL5MvYSTvJesoC3RTaMulxyzc1Y | H3: 15 | J3: 1 | K3: 2 | L3: https://drive.google.com/open?id=1Zf154JzyIsnKcCjoaiMDj6smMORMmE10 | M3: 085801200180 | N3: 085859545417 | O3: https://drive.google.com/open?id=1d6-B-E9J0gX_4S5aKXSfyt9Wo1iPv_I8 | P3: 3
A4: 46206.87 | B4: 46206 | C4: East Java (Jatim) | D4: Surabaya | E4: Adit | F4: Axoo | G4: https://drive.google.com/open?id=1kmvtKpGqoZS-l2lGYqb5Kt_uG3Vhv2WQ | H4: 17 | J4: 0 | K4: 4 | L4: https://drive.google.com/open?id=1_tD0mxEcrlbuLrIMTVYoJc_zWA4SI3Dp | M4: 0 | N4: 1. 085733621125 2. 085749549485 3. 085645452029 4. 085773769634 | O4: https://drive.google.com/open?id=1XMWLLwp8sYDmiZfqc4ml80Iy5XFmhoHG | P4: 0
A5: 46209.5 | B5: 46207 | C5: East Java (Jatim) | D5: Surabaya | E5: Adit | F5: Axoo | G5: https://drive.google.com/open?id=10Giv1XZ8ISnD-FUHIKK2O2xsauGpe6XE | H5: 18 | J5: 0 | K5: 3 | L5: https://drive.google.com/open?id=1ZFWTkFy0SqW6AuzhSBtMs15gmi93Vn1w | M5: 0 | N5: 1. 089504744464 2. 085536930726 3. 0895399488277 | O5: https://drive.google.com/open?id=1tblnvsy7V_eeK8REceVd2XhOFXGuQDWd | P5: 0
A6: 46209.503 | B6: 46208 | C6: East Java (Jatim) | D6: Surabaya | E6: Adit | F6: Axoo | G6: https://drive.google.com/open?id=1RlOpJEm8ofct5timSYMFlt1rNSX0aXBA | H6: 19 | J6: 2 | K6: 4 | L6: https://drive.google.com/open?id=1xuZtx1naQDp3wkPPgrUNQgafjg-sKTs2 | M6: 085732317400 | N6: 1. 085732317400 2. 085806042745 3. 08574177532 4. 089507312455 | O6: https://drive.google.com/open?id=1bdKbl-eyqe8HFVvOXN4AN43wYnocTmod | P6: 0
A7: 46209.828 | B7: 46209 | C7: East Java (Jatim) | D7: Surabaya | E7: Adit | F7: Axoo | G7: https://drive.google.com/open?id=1d0LsUXNfizhT_DdhdXZ7lgxDX6QWEaAQ | H7: 13 | J7: 2 | K7: 6 | L7: https://drive.google.com/open?id=1V0RLsshcbPnVsZ2_tmWop5hsAkVAxtAM | M7: 085600627931 | N7: 085859545417 | O7: https://drive.google.com/open?id=1Y9HypKMoyK4jtoK018cY-DiJrZcOaKUr | P7: 0
A8: 46210.761 | B8: 46210 | C8: East Java (Jatim) | D8: Surabaya | E8: Adit | F8: Axoo | G8: https://drive.google.com/open?id=10HznNW7UBxz1q8l_1rTim23LX_on83jv | H8: 20 | J8: 4 | K8: 7 | L8: https://drive.google.com/open?id=1SPzPQEbJgSuA4v9mG0P2UfZ91MrpFD6g | M8: 0895634210633 | N8: 085755857899 | O8: https://drive.google.com/open?id=1LhJiPiK4SCVm78PwMiSf8erVINOog32v | P8: 0
A9: 46203.815 | B9: 46203 | C9: East Java (Jatim) | D9: Malang | E9: aulia farah | F9: joker cell | G9: https://drive.google.com/open?id=1YFeZ9gk3zAR2gUqvBJfb37HYXITqOVpF | H9: 20 edukasi gemini di kampus | J9: 0 | K9: 5 | L9: https://drive.google.com/open?id=1BBcgB4uGJ7kXoidEP7LYlTeD5F-deJGd | M9: 0 | N9: 08564515 4944 085791943323 0895 42 37 13578 0895639052073 085806555510 | O9: https://drive.google.com/open?id=1KYCYjs9raBFhFi5MYJdOjEeborPg04f7 | P9: 5
A10: 46205.47 | B10: 46204 | C10: East Java (Jatim) | D10: Malang | E10: aulia farah | F10: Joker Cell | G10: https://drive.google.com/open?id=1b7aGPzXPgZFexnXlOQEijf5iNBo2urSv | H10: 23 | J10: 0 | K10: 9 | L10: https://drive.google.com/open?id=1suvHRBrZqhg93B3_bWUcaIbTqilKf_Hl | M10: 0 | N10: 0895411958998 0895402526994 085646539945 085741116861 0856 04427779 08563423235 087856955350 085649272163 085738677184 085730127697 085730127697 | O10: https://drive.google.com/open?id=1dmCE41-tobTZhqXyLfPyzsAWQSKbglwY | P10: 13
A11: 46206.597 | B11: 46205 | C11: East Java (Jatim) | D11: Malang | E11: aulia farah | F11: joker cell | G11: https://drive.google.com/open?id=1O9TF1e9NajKkRGH5gYb7ki7V7mfzyvYe | H11: 27 | J11: 0 | K11: 10 | L11: https://drive.google.com/open?id=1l2d3_N0ZRfFObyrZ5028p-Ld3bXZq2Gv | M11: 0 | N11: 085649720018 085707964322 087842221767 085743474651 087812271027 085852903096 08989894602 085854370752 085701754071 085707964322 | O11: https://drive.google.com/open?id=1YnyyX0uk2TsPolRALJLkkfzJbRQgNRAe | P11: 13
A12: 46205.752 | B12: 46205 | C12: Central Java (Jateng) | D12: Semarang | E12: Bagus Nurul Khamid | F12: King Tronik 2 | G12: https://drive.google.com/open?id=1ptFOwcEdsuaE1u-5NPTnrCs41k4xrhBB | H12: 10 | J12: 1 | K12: 3 | L12: https://drive.google.com/open?id=1s5A23fhoQXag_Np41E0Sn_AmwtiAOI98 | M12: 0895622995017 | N12: 089602333258 089602338594 085725110191 | O12: https://drive.google.com/open?id=15VEFiXchewIvCDCmkfAjq1DdkdZhfUU2 | P12: 8
A13: 46206.815 | B13: 46206 | C13: Central Java (Jateng) | D13: Semarang | E13: Bagus Nurul Khamid | F13: Area semarang selatan | G13: https://drive.google.com/open?id=1qOeb0Ri8k3_YJkeo0VbCslkOevyzc_GL | H13: * 8 | J13: * 2 | K13: *0 | L13: https://drive.google.com/open?id=1tAf5dKeVd7SNvoX4mqsub7sHd0AbC4OJ | M13: 1.089673499234 2. 0895634252328 | N13: *0 | O13: https://drive.google.com/open?id=1gjS8pZYc6-gNFQSk-GByhtMt0cr6d022 | P13: * 2
A14: 46209.501 | B14: 46208 | C14: Central Java (Jateng) | D14: Semarang | E14: Bagus Nurul Khamid | F14: King Tronik 2 | G14: https://drive.google.com/open?id=1VMd7uuzPN2QaEQcLnYsdCKKawxrlGuYa | H14: *8 | J14: *0 | K14: *0 | M14: *0 | N14: *0 | O14: https://drive.google.com/open?id=1DI-LFeWXAZKtDtjlLq7xntF8AWljNCZz | P14: *0
A15: 46209.828 | B15: 46209 | C15: Central Java (Jateng) | D15: Semarang | E15: Bagus Nurul Khamid | F15: King Tronik 2 | G15: https://drive.google.com/open?id=1UJQ9sVOvviMHO9KVx53aMmBz0ahMwMle | H15: 4 | J15: 1 | K15: 0 | L15: https://drive.google.com/open?id=1h8tcQg_3K9qS-RNaJWew-YBRL4z8mKY3 | M15: 089673499060 | N15: 0 | O15: https://drive.google.com/open?id=17u7JCJMyBZ0fpgtUdJknpl2f3PZk3IAw | P15: 3
A16: 46210.91 | B16: 46210 | C16: Central Java (Jateng) | D16: Semarang | E16: Bagus Nurul Khamid | F16: King Tronik 2 | G16: https://drive.google.com/open?id=1ozmAyV4Jq4laNpo_e5TTCBw_g6ALDJTI | H16: 9 | J16: 1 | K16: 1 | L16: https://drive.google.com/open?id=1efdeYMSA29UzuSRhu_WDozMWVL_7kW_f | M16: 089673499060 | N16: 089654354838 | O16: https://drive.google.com/open?id=1n8jJ10CZ20V-szo8IQw3N2S2xgsg342H | P16: 3
A17: 46203.718 | B17: 46203 | C17: East Java (Jatim) | D17: Malang | E17: Destya Kamilia | F17: Prasanjaya | G17: https://drive.google.com/open?id=15XLaHVT6344HbUUaU_tpfvFghPuvsmUP | H17: 26 | J17: 0 | K17: 1 | L17: https://drive.google.com/open?id=1T6I1QM9tE9mVo5ZhXdTO4BiCZtY-YsJt | M17: 0 | N17: 089696877803 | O17: https://drive.google.com/open?id=1s4zAe9Z1BL3S6RMLZS15P7kxe3pFEALd | P17: 1
A18: 46204.756 | B18: 46204 | C18: East Java (Jatim) | D18: Malang | E18: Destya Kamilia | F18: Prasanjaya | G18: https://drive.google.com/open?id=1DFBoH9NuybQZwxveJC_4MugC_F5gERtv | H18: 32 | J18: 1 | K18: 7 | L18: https://drive.google.com/open?id=11jZMBMSewGPIFNL4X-bPXX6w2PzECMM3 | M18: 085738234995 | N18: 0895422419006, 085748341045, 0857855665693, 085733190124, 085878074185, 085731146817, 085693599846 | O18: https://drive.google.com/open?id=1E8MnvmXq977i0hskQ10LmX9qvqIjgl9g | P18: 5
A19: 46205.667 | B19: 46205 | C19: East Java (Jatim) | D19: Malang | E19: Destya Kamilia | F19: Prasanjaya | G19: https://drive.google.com/open?id=1GFyMwR3g2m-Z9cjc9mj8XguaIMtTD8Uq | H19: 44 | J19: 2 | K19: 6 | L19: https://drive.google.com/open?id=1jVV_vHExYS0oHT9rMVJhh0bYTR34O5Gn | M19: 085706883379, 085738234990 | N19: 0895403802132, 085732743451, 085710645629, 085706707880, 085784280162, 085732743451 | O19: https://drive.google.com/open?id=1sI3bQyv2-wubbWmWWcHynwlW-gCfPoAT | P19: 1
A20: 46206.731 | B20: 46206 | C20: East Java (Jatim) | D20: Malang | E20: Destya Kamilia | F20: Prasanjaya | G20: https://drive.google.com/open?id=1YS-bxN-l0wxy33THHQ1Njc1z44Vjamr5 | H20: 23 | J20: 0 | K20: 6 | L20: https://drive.google.com/open?id=1kcm1p-XIGSMisqa1TODR4hCOmBH3TSEX | M20: 0 | N20: 08976460818, 08983330546, 085732743457, 085875113418, 085649140765, 08970520811 | O20: https://drive.google.com/open?id=1TlnlOStGRsQpeKHXLgZfJmbYSfS5-TpJ | P20: 4
A21: 46209.383 | B21: 46207 | C21: East Java (Jatim) | D21: Malang | E21: Destya Kamilia | F21: Prasanjaya Oulet | G21: https://drive.google.com/open?id=1ILj8WFkbiFAkzvXMcnai-1kNec63olJA | H21: 26 | J21: 0 | K21: 1 | L21: https://drive.google.com/open?id=1ufEgi6FeIfsVv-4jWyyzIX2cnGX4VFM7 | M21: 0 | N21: 085748341045 | O21: https://drive.google.com/open?id=12EznUPtNDEhAE2A3FrQk9EcSUqEPIYRp | P21: 3
A22: 46209.67 | B22: 46209 | C22: East Java (Jatim) | D22: Malang | E22: Destya Kamilia | F22: Prasanjaya | G22: https://drive.google.com/open?id=1MSxlbdyuZRtctdDNY0ZAlXE2b44KCllF | H22: 35 | J22: 0 | K22: 10 | L22: https://drive.google.com/open?id=1I0qNpNtYsN4LHl17JoDXRj4LPEcyBbV5 | M22: 0 | N22: 089672931460, 085732743451, 085743593774, 085732743451, 085852982780, 085692124364, 085647455172, 08970520811, 08976460818, 08976460818(2x) | O22: https://drive.google.com/open?id=1LM-1_OKv3apzvpJvknrAJfBsUEyfnayN | P22: 2
A23: 46210.69 | B23: 46210 | C23: East Java (Jatim) | D23: Malang | E23: Destya Kamilia | F23: Prasanjaya | G23: https://drive.google.com/open?id=1_hToEA1MgSx59SjZzDEVoxck553nYlL5 | H23: 28 | J23: 1 | K23: 2 | L23: https://drive.google.com/open?id=1p4NOGffBxy5UlNV5Dz1j-XYyw8SRUKJs | M23: 085706780196 | N23: 0896363880119, 089678203326 | O23: https://drive.google.com/open?id=1y8lG_79Anz6UZXoTmNkHu8NFvJXjXjER | P23: 4
A24: 46205.762 | B24: 46205 | C24: Central Java (Jateng) | D24: Semarang | E24: Devi kumala novianti | F24: Semarang | G24: https://drive.google.com/open?id=1ufday6VpH6jJ70WIqK5up39BEXtzv0N8 | H24: 20 | J24: 0 | K24: 0 | L24: https://drive.google.com/open?id=1bo7oWrYt4tDw0ACDBFoV_VU1WncLS0HA | M24: 0 | N24: 0 | O24: https://drive.google.com/open?id=1ThoO1n--rtL3qr964FbUNA79XzaXbsaS | P24: 7
A25: 46206.875 | B25: 46206 | C25: Central Java (Jateng) | D25: Semarang | E25: Devi kumala novianti | F25: Aristo | G25: https://drive.google.com/open?id=1lBkuIKFCxm_sAhGnmHmfWF-nru43w09m | H25: 21 | J25: 1 | K25: 0 | L25: https://drive.google.com/open?id=1pSkM4NFeERqKPp_YxB1GmifJiStwJ31o | M25: 0895622989306 | N25: 0 | O25: https://drive.google.com/open?id=1fPZd5danS3zON9d6v285XBBaOxDqsQ5k | P25: 14
A26: 46209.379 | B26: 46207 | C26: Central Java (Jateng) | D26: Semarang | E26: Devi kumala novianti | F26: Aristo cell | G26: https://drive.google.com/open?id=1FjnT-WpWKcJzizec_ndC-TylHrf29yLZ | H26: 30 | J26: 2 | K26: 10 | L26: https://drive.google.com/open?id=1VgVIkMVNLwcH2gmNl7Oncn0vSb6olPcy | M26: 089671862745 , 0895622989339 | N26: 089609263939, 0895403151465, 08988105485, 0895428845053, 081460401468, 0857-4027-5549, 0895346194409, 0896-5360-2383 | O26: https://drive.google.com/open?id=117F_2ckmByK4B8NjV6HuYRtz2yS45crb | P26: 20
A27: 46209.893 | B27: 46209 | C27: Central Java (Jateng) | D27: Semarang | E27: Devi kumala novianti | F27: Aristo | G27: https://drive.google.com/open?id=1nwf9lwZ_QWifA_q7qhneOgB4c-AoKu07 | H27: 26 | J27: 1 | K27: 8 | L27: https://drive.google.com/open?id=1FtIXd8EnxID4EV15nzGIUKROk9MaIxQb | M27: 0895622998057 | N27: 0895400754428 , 0895-0194-3010 , 089521401942, 08988150557, 0895622190587, 0895414352305, 085815018400, 089693817430 | O27: https://drive.google.com/open?id=1VmReSCvbuSJPSnxLPO-gNW5cnBH6-NJ3 | P27: 13
A28: 46210.778 | B28: 46210 | C28: Central Java (Jateng) | D28: Semarang | E28: Devi kumala Novianti | F28: Aristo | G28: https://drive.google.com/open?id=1ven4XjWfV0fnB_eQFalUE6qv49u-kp3- | H28: 29 | J28: 3 | K28: 5 | L28: https://drive.google.com/open?id=1tekI-R36tjEMh4UZVlFt-s-6o2f1m-Dz | M28: 089671862742, 0895622989305, 0895622989319 | N28: 089515479988, 089682579549, 085713033435, 0895422570874, 089688049896 | O28: https://drive.google.com/open?id=1hlAJxHVjOE8gYP-5JlhOs1_ufl7xo-CU | P28: 14
A29: 46202.835 | B29: 46202 | C29: East Java (Jatim) | D29: Jember | E29: Dewi Kumalasari | F29: Gazwah 2 | G29: https://drive.google.com/open?id=1v-PJACEVbuCV5VY1UV_QEQN4VN9oZ7AR | H29: 11 | J29: 3 | K29: 0 | L29: https://drive.google.com/open?id=1UlUE5jdaZXShGGnnu7IwTENR86A8t5Gl | M29: 085601242892, 085601243893, 085601242898 | N29: 0 | O29: https://drive.google.com/open?id=1TR0J4ERtj0DP0NKjdw0f5S-eoZ3c1V8X | P29: 3
A30: 46203.783 | B30: 46203 | C30: East Java (Jatim) | D30: Jember | E30: Dewi Kumalasari | F30: Gazwah 2 | G30: https://drive.google.com/open?id=1huLYprj-tZHTe50pcEVu-CAOvGvrqUpl | H30: 27 | J30: 0 | K30: 0 | L30: https://drive.google.com/open?id=1owE6thnyG4e5SozAllMYrL1wTgG4pLqh | M30: 0 | N30: 0 | O30: https://drive.google.com/open?id=1CHlNpsshA-KEUAhe2TwuLWcSqeNX1oca | P30: 0
A31: 46204.796 | B31: 46204 | C31: East Java (Jatim) | D31: Jember | E31: Dewi Kumalasari | F31: Gazwah 2 | G31: https://drive.google.com/open?id=1B8chfwGowqW0GnGzLoaKq7s4D3g1KwnK | H31: 32 orang (ada beberapa yang tidak terfoto karena ada beberapa yang tidak mau) | J31: 0 | K31: 1 rebuy pulsa, 1 voucher | L31: https://drive.google.com/open?id=1voX_O-cHGxwTeVhS417lqH2XY06jxa1x | M31: 0 | N31: 081515835028 | O31: https://drive.google.com/open?id=1qBJZr2R8HgCdKx553f2_nx1SMKvtAWUY | P31: 7
A32: 46205.82 | B32: 46205 | C32: East Java (Jatim) | D32: Jember | E32: Dewi Kumalasari | F32: Gazwah 2 | G32: https://drive.google.com/open?id=1u9KDnHadq3oKrAfIt4AOPRUvJof8y3Nw | H32: 44 | J32: - | K32: - isi ulang data 1 (tri). - isi ulang pulsa 2 (IM3) , voucher 5 | L32: https://drive.google.com/open?id=1bgoXNNvEhVUrXPN4JXpNG22m5c0Vsueu | M32: - | N32: 089514978481, 081515835028, 085853262146 | O32: https://drive.google.com/open?id=1XNWk20nFEkpGUlOUabbNQrGD5R36xMCy | P32: 7
A33: 46206.819 | B33: 46206 | C33: East Java (Jatim) | D33: Jember | E33: Dewi Kumalasari | F33: gazwah 2 | G33: https://drive.google.com/open?id=11Nn5pWSfXAs0bEKQyU07oI83GpcudPPc | H33: 20 | J33: 2 | K33: voucher 5 | L33: https://drive.google.com/open?id=1lEfR19WuOKrsMecn797T3GVD4f-3zyRz | M33: 085641119022, 085641118997 | N33: - | O33: https://drive.google.com/open?id=1W-tstGIbEeSbnzb453LtfJfTuEpbdzY0 | P33: 6
A34: 46210.697 | B34: 46208 | C34: East Java (Jatim) | D34: Jember | E34: Dewi Kumalasari | F34: Gazwah 2 | G34: https://drive.google.com/open?id=1SU9hnyve91ubwMLoUZemARU92LctEePD | H34: 21 | J34: 3 | K34: 19, voucher 18, isi ulang pulsa 1 | L34: https://drive.google.com/open?id=1lHVsDHWP5EsZnNhfSn-l2LLMOlwhIh9B | M34: 085641118994, 089682005144, 085641118952 | N34: 085875411136 | O34: https://drive.google.com/open?id=1KLQh8OOHMdsUKPtdC1qkq33E8JIWEw9t | P34: 8
A35: 46210.699 | B35: 46209 | C35: East Java (Jatim) | D35: Jember | E35: Dewi Kumalasari | F35: gazwah 2 | G35: https://drive.google.com/open?id=1trOpM8KfN-i2s1mguF84SGOMmAa43Esg | H35: 34 | J35: 2 | K35: voucher 5 | L35: https://drive.google.com/open?id=1NCo18tzgU7dMAlvg-_8PtBXIJ9wIMxF4 | M35: 085641118993, 085641118894 | N35: - | O35: https://drive.google.com/open?id=1p5NPQ83wH3nQWxjwswQ6AMCMSyJ9-Q22 | P35: 9
A36: 46210.701 | B36: 46210 | C36: East Java (Jatim) | D36: Jember | E36: Dewi Kumalasari | F36: gazwah 2 | G36: https://drive.google.com/open?id=1kIgMuWBIYGD2FaP2k5DNFw2P3UFggCyl | H36: 22 | J36: 1 | K36: voucher 1 | L36: https://drive.google.com/open?id=1UvhRhm3a4YYPfSOISVLrCzA2tdDKTD-m | M36: 085641118942 | N36: - | O36: https://drive.google.com/open?id=11-0M__41-VDWJe1dylwxBDXwzWCiFnXB | P36: 5
A37: 46204.925 | B37: 46204 | C37: East Java (Jatim) | D37: Surabaya | E37: Dimas | F37: Savira cell | G37: https://drive.google.com/open?id=1NOv6eQ0iclyH2l4RqOorojd8_Zo9Qatl | H37: 6 | J37: 0 | K37: 1 | L37: https://drive.google.com/open?id=12bEUa3HN5GevhbOb2B1jKGecoKrdgy7z | M37: 085737017953 | N37: 085737017953 | O37: https://drive.google.com/open?id=1ETkOJCgpMMbqb90iRloJtYtiyhfZA51E | P37: 2
A38: 46205.851 | B38: 46205 | C38: East Java (Jatim) | D38: Surabaya | E38: DIMAS | F38: Savira cell | G38: https://drive.google.com/open?id=1I7MdHDcuRhN662oK94dWv-NQAOgVMvE8 | H38: 9 | J38: 0 | K38: 1 | L38: https://drive.google.com/open?id=1SJrFXfU6c68lj0aWbmjqcQnt1Br7is6a | M38: 0 | N38: 085748587728 | O38: https://drive.google.com/open?id=18zIwk_TNW7-xeqOhZ0fKo5cF6t3R0Fvj | P38: 4
A39: 46206.938 | B39: 46206 | C39: East Java (Jatim) | D39: Surabaya | E39: Dimas | F39: Savira cell | G39: https://drive.google.com/open?id=1-brV3os7kzsupGug6mC9Ympi42psBX49 | H39: 9 | J39: 2 | K39: 6 | L39: https://drive.google.com/open?id=1Q5fHAFARB8bSfjDJVuGnrGya7X7xvUb- | M39: 085801199373, 085741322241 | N39: 085817703765, 085755609086, 085856742001, | O39: https://drive.google.com/open?id=18FPI3y85s4T8sjTJfq3NTEfTClUdoAv2 | P39: 3
A40: 46209.541 | B40: 46207 | C40: East Java (Jatim) | D40: Surabaya | E40: Dimas | F40: Savira cell | G40: https://drive.google.com/open?id=1daU6twRF75vMguIfPJWXcptez0_crZcg | H40: 9 | J40: 2 | K40: 4 | L40: https://drive.google.com/open?id=138TIiWGH0zMcdC7bXJJRquOKzDV657jJ | M40: 085801199358 | N40: 085784020541, 085649526465, 085814755538, 0895639170022 | O40: https://drive.google.com/open?id=1oAYcxi6_D4Eatv8udLhArQIbN1WjM9uB | P40: 2
A41: 46209.632 | B41: 46208 | C41: East Java (Jatim) | D41: Surabaya | E41: Dimas | F41: Savira cell | G41: https://drive.google.com/open?id=1x7bW647GnBi2HQPcYQqYNzTaLsbxnPtF | H41: 8 | J41: 4 | K41: 1 | L41: https://drive.google.com/open?id=1lhpKo6sbA3MbByKHX68YDaCVIxZbksVM | M41: 085801199360, 0895634222436, 0895634222438, 0895634222435 | N41: 085791451547 | O41: https://drive.google.com/open?id=1CkfzqYXEFqvipkwGvUGGpovAA6Tp2vZe | P41: 1
A42: 46209.954 | B42: 46209 | C42: East Java (Jatim) | D42: Surabaya | E42: Dimas | F42: Savira cell | G42: https://drive.google.com/open?id=12DlQ2a7OEvISY7BH-qL-w7k3Yh_iWi6D | H42: 4 | J42: 2 | K42: 2 | L42: https://drive.google.com/open?id=17ckb5DIF5VwC3VPntQ2sJBkgMdMXVjKl | M42: 085801199364, 085801199365 | N42: 085549080363, 081456141167 | O42: https://drive.google.com/open?id=13yfzRHYVwjhiFO0xyLyLVudk-l5R9reK | P42: 4
A43: 46204.825 | B43: 46204 | C43: Central Java (Jateng) | D43: Yogyakarta | E43: Dina Anita Veronica | F43: UMY | G43: https://drive.google.com/open?id=1W-ejAyWKgUzZAZ-VMskbWyCUFJsFOQTr | H43: 15 | J43: 0 | K43: 0 | L43: https://drive.google.com/open?id=1eGGDPXpLfXnwWmMCQtzRB_NOs9SeUBZ- | M43: 0 | N43: 0 | O43: https://drive.google.com/open?id=1f_SVntkSwYGcSbkXyLkfu3ZNoxQo1wpM | P43: 0
A44: 46206.675 | B44: 46206 | C44: East Java (Jatim) | D44: Jember | E44: Dinda Nur Afifa | F44: Java Cell | G44: https://drive.google.com/open?id=1UodWyzc6UhpKOXEyKe_eMr6rpfxw_Pwi | H44: 20 | J44: + | K44: - | L44: https://drive.google.com/open?id=16U6NyI-v15wht54FBPf_M1PAetFi4fXh | M44: - | N44: - | O44: https://drive.google.com/open?id=1OSNsGipjSMaMpT6P3lopSs3xzYtPznqZ | P44: 5
A45: 46209.395 | B45: 46207 | C45: East Java (Jatim) | D45: Jember | E45: Dinda Nur Afifa | F45: Java Cell | G45: https://drive.google.com/open?id=16xBqMqG17sjxjoik9vlMG0oDS6G2jMv4 | H45: 30 | J45: 2 | K45: - | L45: https://drive.google.com/open?id=1bDj5jzIXIUGBhdO4dxbm9EzKahyN_GQa | M45: 085877059579/085877059577 | N45: - | O45: https://drive.google.com/open?id=1CNxbLC8dPhzAHJj6-ge6r-em_SBurATo | P45: 15
A46: 46209.704 | B46: 46209 | C46: East Java (Jatim) | D46: Jember | E46: Dinda Nur Afifa | F46: Java Cell | G46: https://drive.google.com/open?id=14xZAV3mC1Cf3HFIsVPmW2jMGb05A8ANk | H46: 25 | J46: - | K46: - | L46: https://drive.google.com/open?id=155Sp3-jfOpjaLkxXVgwGUq7eUILndwRg | M46: - | N46: - | O46: https://drive.google.com/open?id=1t4ZVYfMc4DKwQmJjRf_qICrxMn1YpxXV | P46: 10
A47: 46210.659 | B47: 46210 | C47: East Java (Jatim) | D47: Jember | E47: Dinda Nur Afifa | F47: Nirmala Cell | G47: https://drive.google.com/open?id=1DlcAe8wcNXql6PnoUnWSUVAcPOpy8mOY | H47: 23 | J47: - | K47: - | L47: https://drive.google.com/open?id=1BY7zDDRzZaFKa8p833q1KSXZuJ6M2gQr | M47: - | N47: - | O47: https://drive.google.com/open?id=1AXUU8azrcGtNB4kmU4p6ZkfsYtXlIGEo | P47: 5
A48: 46205.393 | B48: 46204 | C48: Central Java (Jateng) | D48: Solo | E48: Eka | F48: - | G48: https://drive.google.com/open?id=1NHwLXN7GbMNrUJJVy9-91HXCXJ1pbbpz | H48: 10 | J48: 2 | K48: 0 | L48: https://drive.google.com/open?id=1uDz2FE_7TnRQKrU9HIaQb9EkPKdbp94- | M48: 8.9570321e+24 | N48: 0 | O48: https://drive.google.com/open?id=1AqHQL2ECVhBNwO5BMy7DZ-I0Fgb3O2BE | P48: 10
A49: 46206.855 | B49: 46206 | C49: East Java (Jatim) | D49: Surabaya | E49: Emillia | F49: BMC CELL | G49: https://drive.google.com/open?id=1leSLW_SOKpWhSFQsWf2Gu3K0X404BwQQ | H49: 20 | J49: 3 | K49: 10 | L49: https://drive.google.com/open?id=1Z4RqPVy-nb4SNy1uqprmT_WWnuisOdU1 | M49: 085806041608 | N49: 0854324567899 | O49: https://drive.google.com/open?id=1Dufv0XW0yxNORRjkcfUuukZqCpYA1KOo | P49: 3
A50: 46209.399 | B50: 46207 | C50: East Java (Jatim) | D50: Surabaya | E50: Emillia | F50: BMC cell | G50: https://drive.google.com/open?id=1AtwdQjm25aHxyRgkxye_irZkHEKflYQm | H50: 10 | J50: 2 | K50: 6 | L50: https://drive.google.com/open?id=1iHYCXbEtYY2QodH-x8YvsWho6n9q8wmC | M50: 089673062721, 089673062695 | N50: 085855422614, 085706669426,08776555692,085607135937,058743068509,0895364719276 | O50: https://drive.google.com/open?id=1L1toLE6XXcf_-EAvBV8YNmDegkktvXu0 | P50: 10
A51: 46209.899 | B51: 46209 | C51: East Java (Jatim) | D51: Surabaya | E51: Emillia | F51: BMC CELL | G51: https://drive.google.com/open?id=1hcVTrO7xvWulYjTjUhMqnzwccWmS7MZJ | H51: 10 | J51: 1 | K51: 3 | L51: https://drive.google.com/open?id=19v6FdaAKls-BNwShi0QUqFq9jcDyfxth | M51: 089673062712 | N51: 085733878622 | O51: https://drive.google.com/open?id=11gOW7EMseXBeG6aSX1mgZ4trCF0vC2S- | P51: 2
A52: 46210.92 | B52: 46210 | C52: East Java (Jatim) | D52: Surabaya | E52: Emillia | F52: BMC cell | G52: https://drive.google.com/open?id=1FbVixRolCBNcSx_EpRVbZqQKt7rpGJQn | H52: 16 | J52: 1 | K52: 7 | L52: https://drive.google.com/open?id=12Gpw3mfQcbeNVCWD2qEwpaMIayqCBBIF | M52: 089673062708 | N52: 085801198978 | O52: https://drive.google.com/open?id=13V8lmGMyjiF-ybG33GSIFhoXQ3Ejh-CI | P52: 16
A53: 46204.917 | B53: 46204 | C53: East Java (Jatim) | D53: Surabaya | E53: Endah Widowati | F53: S5 | G53: https://drive.google.com/open?id=1auIopl0M8vvF88YpMQ_FEElDNhDpZbiZ | H53: 13 | J53: 2 | K53: 10 | L53: https://drive.google.com/open?id=144pM4GkTs9NQqNH2357YsL2wqRy1FqBF | M53: 085742698339 , 085702836106 | N53: 085600583738(38.000) , 085731040589(38.000) , 081515992162(41.000) , 085707639409(38.000) , 085713181564(82.000) , 08570177645742.000) , 08977228454(56.000) , 0895324757553(83.000) , 089524693590(38.000) , Voucher AON 33.0000 | O53: https://drive.google.com/open?id=1wrMHIV5tmVWl0h41ECdQgGmSHufrNk2r | P53: 4
A54: 46205.683 | B54: 46205 | C54: East Java (Jatim) | D54: Surabaya | E54: Endah Widowati | F54: S5 | G54: https://drive.google.com/open?id=1iAf9UfuW837RnXojKgUkv7NSmPPQDxxZ | H54: 15 | J54: 2 | K54: 8 | L54: https://drive.google.com/open?id=1O_z7R3X1EctY6i73dZAHQ7ICDlSdmn7J | M54: 085857744497 (10Gb) , 085742698335 (10Gb) | N54: 085746557067 - 24gb 62.000 , 085749020509 - 7gb 38.000 , 085792919026 - 16gb 52.000 , 085857265827 - 24gb 62.000 , Voucher 7gb 38.000 , Voucher 3 7gb 38.000 , Voucher 3 42gb 83.000 , 085869244657 (Pulsa 50rb) | O54: https://drive.google.com/open?id=1D5VDyvtttScJlIcDiCnF0kyIJrWvufCi | P54: 7
A55: 46206.683 | B55: 46206 | C55: East Java (Jatim) | D55: Surabaya | E55: Endah Widowati | F55: S5 Jojoran | G55: https://drive.google.com/open?id=1EImRpIWy9rKuDwDGa8ekB_I3kSZ54inQ | H55: 20 | J55: 1 | K55: 6 | L55: https://drive.google.com/open?id=1YEa1E6PqX7Jyc_6YFzRpgc4r7jqOIeug | M55: 085806040738 | N55: 085606657868 - 7gb 37.000 , 085810388726 - 10gb 41.000 , 085704009184 - 10gb 33.000 , Voucher 42gb 83.000 , 085600634718 -50gb 90.000 , Voucher 24gb 60.000 | O55: https://drive.google.com/open?id=1MxHvdcsGFVJLPYAzgmw9BBSW5d-WF30i | P55: 5
A56: 46210.873 | B56: 46210 | C56: East Java (Jatim) | D56: Surabaya | E56: Endah Widowati | F56: S5 | G56: https://drive.google.com/open?id=1ajig0nKWirL5XQUSVKS3c9IovaUvtfxR | H56: 20 | J56: 7 | K56: 8 | L56: https://drive.google.com/open?id=1a7UO6DVFNJBezFaUMoste2uFgWf8u6u6 | M56: 085742698368 , 085702836102 , 085806040733 , 085806040730 ,085806040731 , 085801200410 , 085801200411 | N56: 085607664310 - 7gb 38.000 , 085791238442 - 16gb 52.000 , 085607085012 - 30gb 72.000 , 085706157800 - 66gb 102.000 , 085748491916 - 7gb 38.000 , Voucher Three AON 6gb 38.000 , Voucher Three 42gb 83.000 , Voucher Three 7gb 38.000 | O56: https://drive.google.com/open?id=1vrqLsvaPWuS8yid3vTue-x8Uo2bstMqG | P56: 20
A57: 46202.75 | B57: 46202 | C57: Central Java (Jateng) | D57: Yogyakarta | E57: Erlis Krisnawati | F57: Gowes Cell | G57: https://drive.google.com/open?id=1GZS5x_cuhloaej9bqkKcRlgOWCkwPdYv | H57: 2- | J57: 1 | K57: - | L57: https://drive.google.com/open?id=15QLcCsWitpajjCNXGu2N9G0CKBu-PA70 | M57: 085879056518 | N57: - | O57: https://drive.google.com/open?id=1TqpMuS30QE7YmhFnMrO5ChmFzwhQ7Pso
A58: 46203.745 | B58: 46203 | C58: Central Java (Jateng) | D58: Yogyakarta | E58: Erlis Krisnawati | F58: Gowes Cell | G58: https://drive.google.com/open?id=1QlfYDJfFEPfvisefEqRaT6m7J68ERb8l | H58: 20 | J58: 1 | K58: - | L58: https://drive.google.com/open?id=182I2F8Kke8OJ2I543LQvMpEU8aFKrMLU | M58: 085879054875 | N58: - | O58: https://drive.google.com/open?id=1ddagwiMiQZmJXV2CrUCTLwSSYihE-Or6 | P58: 0
A59: 46204.795 | B59: 46204 | C59: Central Java (Jateng) | D59: Yogyakarta | E59: Erlis Krisnawati | F59: Gowes Cell | G59: https://drive.google.com/open?id=1Lz0ZEajq5LPWE7tMfeJzCBk7xs9kkW03 | H59: 20 | J59: - | K59: 1 | L59: https://drive.google.com/open?id=1mEoVkjUpUGm7AXRtQjlbhm0vp4uzpwPS | M59: - | N59: - | O59: https://drive.google.com/open?id=1ojvsgi8v8FL6zucM-t7IHDorSrkyM3eQ | P59: 2
A60: 46205.8 | B60: 46205 | C60: Central Java (Jateng) | D60: Sleman | E60: Erlis Krisnawati | F60: Gowes cell | G60: https://drive.google.com/open?id=1cD9zV9wqFDWPEaqwd2kmo9XjKu4uEQ88 | H60: 20 | J60: - | K60: 2 | L60: https://drive.google.com/open?id=16PuCm7Q0aRkNGOetnf-raBRLjtjp3w5t | M60: - | N60: 8.5867686e+22 | O60: https://drive.google.com/open?id=1MN5BZTEZ4quVNQU_AcxQvAV7DHgCs5j9 | P60: 3
A61: 46209.373 | B61: 46207 | C61: Central Java (Jateng) | D61: Sleman | E61: Erlis Krisnawati | F61: Gowes cell | G61: https://drive.google.com/open?id=1M7lTLmVqErvUfpixp2tuiJsNndpoqqzY | H61: 20 | J61: - | K61: 2 | L61: https://drive.google.com/open?id=1Iyn08Kr3yIY_lLcYqgF8jrYUDZyTC5ef | M61: - | N61: 085867685868, | O61: https://drive.google.com/open?id=1TQDD7nPRJKxy9mz8QI5NnmSWxVqMd4Qa | P61: 2
A62: 46209.818 | B62: 46209 | C62: Central Java (Jateng) | D62: Sleman | E62: Erlis Krisnawati | F62: Gowes Cell | G62: https://drive.google.com/open?id=1cuCbVVWOugphrES-FMjck7jg0CytObuW | H62: 20 | J62: 1 | K62: - | L62: https://drive.google.com/open?id=1c_iltrkOaEklexQdlFLK157jY4UOYH3k | M62: 085879056518 | N62: — | O62: https://drive.google.com/open?id=1SMA6xhZc6lFqv0ivnzVbSgrGT_bni8Jj | P62: 2
A63: 46210.944 | B63: 46210 | C63: Central Java (Jateng) | D63: Sleman | E63: Erlis Krisnawati | F63: Gowes Cell | G63: https://drive.google.com/open?id=1pMSF0X4WST5emaW25PnS9qX9asJgYHDz | H63: 21 | J63: 1 | K63: - | L63: https://drive.google.com/open?id=1dzndpsuhbtp5tSLsUB9byuOPAiGkjwIB | M63: 0895635016222 | N63: - | O63: https://drive.google.com/open?id=1TZPhR1FU4Op4Y_RD1AwWYWGDWxjPU2Lu | P63: 2
A64: 46202.896 | B64: 46202 | C64: Central Java (Jateng) | D64: Solo | E64: Eva diana | F64: mox cell | G64: https://drive.google.com/open?id=1ZtkyDxA9YB0wFQyVO_AW2rjrnU9YYOo4 | H64: 20 | J64: 2 | K64: 3 | L64: https://drive.google.com/open?id=1IVuT5YVkyJ7EZ9VCO59vJZcapKvpoRIC | M64: 8.9570321e+24 | N64: 0895635163433 ,08989718016,0895328180800 | O64: https://drive.google.com/open?id=1ri2b910qi3AGtnnw4mUyTAh1ZVNtyGzq | P64: 3
A65: 46203.962 | B65: 46203 | C65: Central Java (Jateng) | D65: Solo | E65: Eva diana | F65: - | G65: https://drive.google.com/open?id=1qSUXtCNARYgM4WyaC8RAAKnj4tTjY45n | H65: 18 | J65: 2 | K65: 3 | L65: https://drive.google.com/open?id=1HzozJ3NRQMLhPoDb1C-jHlV7RXPN52Zv | M65: 8.9570321e+24 | N65: 8.9681997e+33 | O65: https://drive.google.com/open?id=1mowx6nOyVIRxhyQBlTX7IQEIbykLDDPo | P65: 0
A66: 46204.894 | B66: 46204 | C66: Central Java (Jateng) | D66: Solo | E66: Eva diana | F66: Mox cell | G66: https://drive.google.com/open?id=1lpIEL5KQJn-6cSgO-c_R5b2BkU1aWyfF | H66: 20 | J66: 1 | K66: 3 | L66: https://drive.google.com/open?id=1RyIrgLKTSH3LsSVqrFX72WDeuyNGSC4i | M66: 085726877756 | N66: 8.9662681e+35 | O66: https://drive.google.com/open?id=1ShXcCvFkOAsaP_zPLEjTSK_B1y1FBDqH | P66: 17
A67: 46205.954 | B67: 46205 | C67: Central Java (Jateng) | D67: Solo | E67: Eva diana | F67: mox cell | G67: https://drive.google.com/open?id=1JtslwcqIab8WBg3fSu0RqopGxwow6tjd | H67: 21 | J67: 2 | K67: 2 | L67: https://drive.google.com/open?id=12xbIFlZG5MSkefK3QY2lnZd-3xnEUmJv | M67: 0895703212135 | N67: +62 815-1737-7727 | O67: https://drive.google.com/open?id=1Om_2kjoU-3xE5RPGz3_n88UkOleGuIMx | P67: 17
A68: 46206.955 | B68: 46206 | C68: Central Java (Jateng) | D68: Solo | E68: Eva diana | F68: mox cell | G68: https://drive.google.com/open?id=1ckV_I_bRynVWOWFV37jCEgr8amAzilhf | H68: 14 | J68: 3 | K68: 10 | L68: https://drive.google.com/open?id=1JNVOmLBXpSj_O98Z2kXY123bQ90C1KKh | M68: 08572687760 | N68: - | O68: https://drive.google.com/open?id=1gQQzXjhmj0pwXbE0IAKe_wizZ2OBmPT_ | P68: 15
A69: 46209.932 | B69: 46209 | C69: Central Java (Jateng) | D69: Solo | E69: Eva diana | F69: mox cell | G69: https://drive.google.com/open?id=1zZBHH_f_8XBmCNajlnSB7e5Ep5rUqLp8 | H69: 22 | J69: 3 | K69: 20 | L69: https://drive.google.com/open?id=1CTqLwnlJRCtcXw78m_KRvDZomAxsrIBX | M69: 085726888918.085731174382. | N69: 081567895857, | O69: https://drive.google.com/open?id=1hEXzcANVq61RdRa2Oi5rfZXG_LQu5Mlp | P69: 18
A70: 46209.387 | B70: 46207 | C70: Central Java (Jateng) | D70: Solo | E70: Eva diana | F70: Mox cell | G70: https://drive.google.com/open?id=1H5CiXdZXI_K0TmQi1ehbmyNCc2UCcOKD | H70: 25 | J70: 2 | K70: 2 | L70: https://drive.google.com/open?id=1svJoAOO0_NJAgOkRLr-F2tlyNI2038dN | M70: 8.5726878e+22 | N70: 8.5601143e+24 | O70: https://drive.google.com/open?id=16QZacA4zCKPmW5DN1hO3YDA02wqHACD3 | P70: 15
A71: 46210.924 | B71: 46210 | C71: Central Java (Jateng) | D71: Solo | E71: Eva diana | F71: mox cell | G71: https://drive.google.com/open?id=11aryR-8krlxzY6_0xtHYpd6T4iKadX1_ | H71: 15 | J71: 1 | K71: 2 | L71: https://drive.google.com/open?id=1ypWaYnuQ63JoXroymQkcZU0lkRS5Lbwn | M71: 089682619864 | N71: 8.9516776e+23 | O71: https://drive.google.com/open?id=15kOmtyIGYgTMGlKWL8WnRX8gnKXCpN7p | P71: 12
A72: 46197.68 | B72: 46197 | C72: East Java (Jatim) | D72: Malang | E72: Fandi Ahmad | F72: Prasanjaya Cell | G72: https://drive.google.com/open?id=1dyjPFFRBsRMIXBa0JLNrcjmYIgI8wMNl | H72: 14 | J72: 1 | K72: 7 | L72: https://drive.google.com/open?id=1zipv_16coacbZQfK5yYNFtFmarxzVRuN | M72: 085738235261 | N72: 6285852710931 , 6285755758648 , 6285785029281 , 6285646308200 , 6285785971492 , | O72: https://drive.google.com/open?id=19Cp1V9GPu1Dh4uhuEAYVwhAGAopzxe3i | P72: 6
A73: 46198.745 | B73: 46198 | C73: East Java (Jatim) | D73: Malang | E73: Fandi Ahmad | F73: Prasanjaya cell | G73: https://drive.google.com/open?id=1dNITfnD8xHpGuoqEQ2blpmRQfVtzqciQ | H73: 20 | J73: 7 | K73: 7 | L73: https://drive.google.com/open?id=1HmnApx6jfk971E2d4gmzvlT4UgllMlHM | M73: 6285706872455 , 6285706872474 , 6285706872475 , 6285706872473,6285706794482,6285706794483,6285706794481 | N73: 6285808511393 , 628560766334 ,6285745483971 , 6285730284842 , 6285607577621 , | O73: https://drive.google.com/open?id=1gFT3mgXQsW40Ti04pLiHKEE1-qczsyee | P73: 12
A74: 46199.79 | B74: 46199 | C74: East Java (Jatim) | D74: Malang | E74: Fandi Ahmad | F74: Event Workshop Gemini AI at Univ STIE MALANG KUCECWARA | G74: https://drive.google.com/open?id=1f1jiw1EW67xE7i7BGzSro8dzvwqRPnnL | H74: 120 | J74: 10 | K74: 4 | L74: https://drive.google.com/open?id=1ywqAUxv5J8VpUlazwAk1qrgarn1PHh_G | M74: 085706808266 ,085706808279 085706808270 , 085706808275 ,085706808283 , 085706808284 , 085706808288, 085706808292 ,085706808303 | N74: 085731209887 , 085895404542 , 085855024437 , 085791956458 | O74: https://drive.google.com/open?id=1CSNqSqqkqy0dX30H8ZcUmEJUO5HZSKBV | P74: 13
A75: 46200.849 | B75: 46200 | C75: East Java (Jatim) | D75: Malang | E75: Fandi Ahmad | F75: Prasanjaya Cell & Univ BRAWIJAYA | G75: https://drive.google.com/open?id=1WQ_USx67-uGNsIe757FJakGKM3TVZa3I | H75: 25 | J75: 10 | K75: 4 | L75: https://drive.google.com/open?id=10RaWJXHDX2k0kswA9zCialP8fBiWYl8e | M75: 6285706808308 6285706808314 6285706808318 6285706808324 6285706808325 6285706808330 6285706808339 6285706808344 6285706808371 6285706808379 6285706808380 | N75: 6281517528145 , 6285646058100 , 6285736015342 , 6281558444977 | O75: https://drive.google.com/open?id=12s6-v-Lqgc0yuhA1Apj6tvw0hLL4xtzH | P75: 15
A76: 46202.851 | B76: 46202 | C76: East Java (Jatim) | D76: Malang | E76: Fandi Ahmad | F76: Prasanjaya Cell ,Univ Brawijaya , Univ Malang Kucecwara | G76: https://drive.google.com/open?id=15KOYcEYOWXc8lsHcwWCAuc9ymsfXbX-x | H76: 26 | J76: 10 | K76: 4 | L76: https://drive.google.com/open?id=1U-RilbaoxoEMScV_UUXFSEc-DotbIk0r | M76: 6285706808391 6285706808403 6285706808415 6285706808418 6285706808426 6285706808427 6285706808441 6285706808451 6285706808457 6285706808461 | N76: 6285895923687 6285606206691 6285646306890 6285604559286 | O76: https://drive.google.com/open?id=1oC1n8ihD9GXUp-ijKuB_2WW2b9-HCpJg | P76: 14
A77: 46203.841 | B77: 46203 | C77: East Java (Jatim) | D77: Malang | E77: Fandi Ahmad | F77: Avoraya cell dan Univ Brawijaya | G77: https://drive.google.com/open?id=1dOtCAma7cRmynD7RMBF6YSRhjroyjfs4 | H77: 22 | J77: 10 | K77: 3 | L77: https://drive.google.com/open?id=1027pxdYu_2ysMhidvAjdPuIKdnoalYgU | M77: 6285706808462 6285706808467 6285706808469 6285706808471 6285706808472 6285706808480 6285706808488 6285706808489 6285706808495 6285706808497 | N77: 6285713893554 6285792530420 6285468994563 | O77: https://drive.google.com/open?id=1kaTUs2XguPNnZtVdg-0npfsIYitscAPr | P77: 13
A78: 46196.787 | B78: 46196 | C78: East Java (Jatim) | D78: Malang | E78: Fandi Ahmad | F78: PRASANJAYA CELL | G78: https://drive.google.com/open?id=1X8NHm6OPR94u4Ns-sAIlghrBkKQIBkmh | H78: 7 | J78: 0 | K78: 0 | M78: 0 | N78: 0 | O78: https://drive.google.com/open?id=1B0_T7kWXX2LfXupoJetxCNJffw4nTj4h | P78: 0
A79: 46197.815 | B79: 46197 | C79: East Java (Jatim) | D79: Surabaya | E79: Fira Daniarsa putri | F79: Puskrip | G79: https://drive.google.com/open?id=1XjfCA75pTlWrFW-Xjr62s2OuQ2NlALmL | H79: 6 | J79: 3 | K79: 4 | L79: https://drive.google.com/open?id=1B92L4vQvq77s4bnJQ2_Retgf3PKoHPxB | M79: 085726087226, 085726087220 , 085726087211 | N79: 085850652511 , 085701661530 , 085857515955 , 085607752011 | O79: https://drive.google.com/open?id=1cnyAbFpNL6kd19fTsu_3skS61JsUJ4PX | P79: 7
A80: 46201.996 | B80: 46201 | C80: East Java (Jatim) | D80: Surabaya | E80: Fira Daniarsa putri | F80: Puskrip | G80: https://drive.google.com/open?id=1Xyuobyq5Txo_VK390oVwnqILvC1pamqd | H80: 10 | J80: 7 | K80: 2 | L80: https://drive.google.com/open?id=1F_uGfmATZCQWJDUJfMJgNIo-a6ip510l | M80: 085726087388, 085726087180, 085726087235, 085726087278, 085726124987, 085725452171, 085726087243 | N80: 089616806185 , 089505534390 | O80: https://drive.google.com/open?id=1ZOd7W1KxEmFmg_ARE16dus6KqYSu6ffA | P80: 11
A81: 46202.938 | B81: 46202 | C81: East Java (Jatim) | D81: Surabaya | E81: Fira Daniarsa putri | F81: Puskrip | G81: https://drive.google.com/open?id=19JFZgR7uJyHs8BHMaIrDN1mlJaZhLjXC | H81: 5 | J81: 2 | K81: 2 | L81: https://drive.google.com/open?id=1gSYCjM_BmfEgEtPkBXczNvTyWNOzZUhc | M81: 085725452163 , 085726087236 | N81: 089518113757 , 085704651634 | O81: https://drive.google.com/open?id=1GhszfX7XXFdmDbzOtIHXr17SMc-6IDv9 | P81: 4
A82: 46203.873 | B82: 46203 | C82: East Java (Jatim) | D82: Surabaya | E82: Fira Daniarsa putri | F82: Puskrip | G82: https://drive.google.com/open?id=1LQY2stskx1fPUKvYdxSd604fWc5LtaDy | H82: 2 | J82: 2 | K82: 0 | L82: https://drive.google.com/open?id=1DcmjoNPC1XX2eMkAvvswQi0Hk3Hq-FrB | M82: 085856047523 , 0895634211303 | N82: 0 | O82: https://drive.google.com/open?id=1Bmv9ci0WWb0df-GoZ15tAVrLi_H7S5tS | P82: 2
A83: 46209.924 | B83: 46207 | C83: East Java (Jatim) | D83: Surabaya | E83: Fira Daniarsa putri | F83: Puskrip | G83: https://drive.google.com/open?id=1r73W9WKFESGTg9Pqx5MppddoeV6mOtFE | H83: 17 | J83: 5 | K83: 3 | L83: https://drive.google.com/open?id=1P_GX0IEnObf0lRGSvgzbBbIj0vklxk3_ | M83: 8.5726125e+58 | N83: 8.9534754e+34 | O83: https://drive.google.com/open?id=10ul78cReRB5eNCOxnbVYDwlSl9mYFL3P | P83: 5
A84: 46209.928 | B84: 46208 | C84: East Java (Jatim) | D84: Surabaya | E84: Fira Daniarsa putri | F84: Puskrip | G84: https://drive.google.com/open?id=1Pd6NhprzMrskSbpyFJ-nPVLFV-bgQ5J3 | H84: 15 | J84: 6 | K84: 2 | L84: https://drive.google.com/open?id=1yXTkAdrU7cQwbfc2W60hugmOodP1qKu_ | M84: 8.5725452e+71 | N84: 8.5607797e+22 | O84: https://drive.google.com/open?id=1_dLZx2XA1QCRo2TKNdyiX__iRNKKbVYy | P84: 7
A85: 46209.952 | B85: 46209 | C85: East Java (Jatim) | D85: Surabaya | E85: Fira Daniarsa putri | F85: Puskrip | G85: https://drive.google.com/open?id=1IQFLp4zTamiJOolWY-F5d7s5r7Y_PaiL | H85: 20 | J85: 3 | K85: 3 | L85: https://drive.google.com/open?id=18rH3ZqFRqq7bbs2Pg0u8ThKuHg7Niw3O | M85: 8.5725452e+34 | N85: 8.9612114e+35 | O85: https://drive.google.com/open?id=1AGNU8jOROV7k_ddH2-bhXusmGDqp97OB | P85: 3
A86: 46198.938 | B86: 46198 | C86: East Java (Jatim) | D86: Surabaya | E86: Fira Daniarsa putri | F86: Puskrip | G86: https://drive.google.com/open?id=1j5kh2rm5qGYQVvdw0P1cRtOP1Nffcqt5 | H86: 9 | J86: 8 | K86: 3 | L86: https://drive.google.com/open?id=1Tlx-7-SJubtfdaA2vqsEbfJ1bVuyARUc | M86: 085741333561 ,085726088038 ,085726088037 ,085726088036 ,085741333277 ,085726087212 ,085726087565 ,085726087378 | N86: 085731609592 , 085648893098 , 085233617255 | O86: https://drive.google.com/open?id=1jvUtKdOIGaXr0K2IQX58dN_BsQ6G_5o7 | P86: 11
A87: 46199.993 | B87: 46199 | C87: East Java (Jatim) | D87: Surabaya | E87: Fira Daniarsa putri | F87: Puskrip | G87: https://drive.google.com/open?id=1mBRQSlmdZYdz9pmAdB0w-TRm4SYSg0Kq | H87: 6 | J87: 8 | K87: 5 | L87: https://drive.google.com/open?id=1Fi7TShYIe4UbV_VmSqiU1MOIBrIKsLOD | M87: 085726087543,085725452152,085726124997,08526124988,085875037506,085726087156, 085726087602 , 085726087543 | N87: 085748485194 , 089678940114 , 08998808226 ,085853917577, | O87: https://drive.google.com/open?id=10kccmgafFDiTJd3K_QLzhIEbm8NpfItf | P87: 12
A88: 46200.973 | B88: 46200 | C88: East Java (Jatim) | D88: Surabaya | E88: Fira Daniarsa putri | F88: Puskrip | G88: https://drive.google.com/open?id=1qiFA3iYs9s889YbyYswJoBWOHFFWTcil | H88: 5 | J88: 3 | K88: 3 | L88: https://drive.google.com/open?id=1sObW_7IZL2uMYv3T8KTWxruZKifk6_vD | M88: 085875037546 , 085726087541 , 085741333426 | N88: 085780174692 , 089616197605 , 089678937894 | O88: https://drive.google.com/open?id=1yOIl4wZrMH5_g3MhdVkPJeh9DxfnTdi2 | P88: 6
A89: 46205.971 | B89: 46205 | C89: East Java (Jatim) | D89: Surabaya | E89: Fira Daniarsa putri | F89: Puskrip | G89: https://drive.google.com/open?id=1m8c5_niisgMQiaQdLlpAonzKyiA1a22B | H89: 20 | J89: 9 | K89: 4 | L89: https://drive.google.com/open?id=1Tpt5hHBMbo4bDKMUgJmuJn1OKJXx2X-D | M89: 085726124944 , 085725452173 , 085726087540 , 085726124975 , 085725452169 , 085726087269 , 085726087161 , 085726124979 ,085743069118 | N89: 089525563795 , 085704010338 , 089616820381 , 085746731610 | O89: https://drive.google.com/open?id=1YWw7AZQEhGTaMTyrVnZYiZay4ok5vEYb | P89: 5
A90: 46206.794 | B90: 46206 | C90: East Java (Jatim) | D90: Surabaya | E90: Fira Daniarsa putri | F90: Puskrip | G90: https://drive.google.com/open?id=1zfjB29V-CgpDCFN4tx2l8xNKiPhA1VVo | H90: 10 | J90: 8 | K90: 2 | L90: https://drive.google.com/open?id=1FGGSKhxrOc5jxJO2SHFuE7xwHF7oWYMb | M90: 0895634211303 , 085726124977 , 085725452091 , 085726087321 , 085726087375 , 0895634218793 , 0895634218794 , 085726088013 | N90: 085600545868 , 0895398337222 | O90: https://drive.google.com/open?id=1LS257a2Y0I7Nwy65KhSA4nDELdyVJ-JW | P90: 8
A91: 46211.002 | B91: 46210 | C91: East Java (Jatim) | D91: Surabaya | E91: Fira Daniarsa putri | F91: Puskrip | G91: https://drive.google.com/open?id=1v0-uFwfL41GeUK-SXR6Sqzf-daxbqxD6 | H91: 17 | J91: 6 | K91: 3 | L91: https://drive.google.com/open?id=19jaYgS2oJwOww8wj5SJmiPFiHmsf2_PT | M91: 8.968145e+70 | N91: 089690209551,085842927936 , 085847527188 | O91: https://drive.google.com/open?id=1cXQHSrCr2pQOk7L9jNPEMM0gUvs7Kogq | P91: 5
A92: 46198.964 | B92: 46198 | C92: Central Java (Jateng) | D92: Sleman | E92: Ganis Ghaniyy Rohim | F92: Gowes card | G92: https://drive.google.com/open?id=1ZXGEr4YX7eJ6VdytpCxtfqHHEjMi7TBx | H92: 9 | J92: 1 | K92: - | L92: https://drive.google.com/open?id=1G-Q4BAsFhHF-Axx76vIbbNuHrt8B0H8a | M92: 08587905625 | N92: - | O92: https://drive.google.com/open?id=19yoBl8jc2ysWPxoSUI0Q9r_kfHlojHHx | P92: 1
A93: 46199.607 | B93: 46199 | C93: Central Java (Jateng) | D93: Sleman | E93: Ganis Ghaniyy Rohim | F93: Gowes card | G93: https://drive.google.com/open?id=1PtY4QjuF0Ohcy1e5EHWNSjyeBcJ2ND4A | H93: 1 | J93: - | K93: - | L93: https://drive.google.com/open?id=1WUP_yo6WBbFmgblHrUjGq36OJsWAsVw4 | M93: - | N93: - | O93: https://drive.google.com/open?id=1I7uClppzI_L3H6oB5kAyWj5P9mpVabc_
A94: 46201.057 | B94: 46200 | C94: Central Java (Jateng) | D94: Sleman | E94: Ganis Ghaniyy Rohim | F94: upn | G94: https://drive.google.com/open?id=1U4xWQHmovRP9qdApNl_OwLwcyUKNwdih | H94: 1 | J94: - | K94: - | L94: https://drive.google.com/open?id=1Rni5VYg1lhaDuBgqLP2IviY1XUut86tv | M94: - | N94: - | O94: https://drive.google.com/open?id=1g5kah-uBIdp7CF0bbDolI-c6Go0-CYpm
A95: 46200.943 | B95: 46200 | C95: Central Java (Jateng) | D95: Yogyakarta | E95: Hasjuliana | F95: Area kampus Jogja | G95: https://drive.google.com/open?id=1CnHubORfyWbGobY6OEn7o_VTRBFw_oJp | H95: 25 | J95: 1 | K95: 1 | L95: https://drive.google.com/open?id=14BIKxE-yJDCb9PoZ2hGundJ5aZLjJEnF | M95: 085842036588 | N95: 085842036572 | O95: https://drive.google.com/open?id=1jF-SGHVdUB2B0b9mHOSdrFtEjHA26wqY | P95: 2
A96: 46201.951 | B96: 46201 | C96: Central Java (Jateng) | D96: Yogyakarta | E96: Hasjuliana | F96: Jogja | G96: https://drive.google.com/open?id=1ZgaT7eecfClqSsFGYy8MQFr8GNXxUGkz | H96: 20 | J96: 4 | K96: 1 | L96: https://drive.google.com/open?id=1WTj_193KNm4Kc8qEVSJv1dERlCS3OcAC | M96: 085842036586 | N96: 085842036586 | O96: https://drive.google.com/open?id=1elHLLGrAR22J-QKpGj5W1SKyRagN_eSb | P96: 2
A97: 46204.842 | B97: 46204 | C97: Central Java (Jateng) | D97: Sleman | E97: Ika Isnaini | F97: Lets go card | G97: https://drive.google.com/open?id=1eKJuZoCCUGWZhR3XeZ3_Zz6irSQHPgBe | H97: 20 | J97: 0 | K97: 0 | M97: 0 | N97: 0 | O97: https://drive.google.com/open?id=1f1hmUaqNFKKnWC23VMXNQWHjKvYm1-Z- | P97: 0
A98: 46205.861 | B98: 46205 | C98: Central Java (Jateng) | D98: Sleman | E98: Ika Isnaini | F98: Lets go card | G98: https://drive.google.com/open?id=1afrXp1GplTLUzM4xXT75WiJuoN-ngnkL | H98: 20 | J98: 0 | K98: 0 | M98: 0 | N98: 0 | O98: https://drive.google.com/open?id=1RXEiBe-9Xbkbqk_mqODjwaq3yk0z3fc2 | P98: 0
A99: 46206.814 | B99: 46206 | C99: Central Java (Jateng) | D99: Sleman | E99: Ika Isnaini | F99: Lets go card | G99: https://drive.google.com/open?id=1YhXDxouA4Zz0EqEU_4z97bkjg7FiqV5w | H99: 20 | J99: 0 | K99: 0 | M99: 0 | N99: 0 | O99: https://drive.google.com/open?id=1GsVIcQhieEc6XAzKQU8Wi-7VxgfQKlkV | P99: 0
A100: 46209.784 | B100: 46208 | C100: Central Java (Jateng) | D100: Sleman | E100: Ika Isnaini | F100: Lets go card | G100: https://drive.google.com/open?id=1uFlaaj7Zxc-e9hjEES1loK032FCQzThs | H100: 20 | J100: 0 | K100: 0 | M100: 0 | N100: 0 | O100: https://drive.google.com/open?id=1zBzP8hcKC0fYXzmKY7RV4aJaTMDj1dS7 | P100: 0
...

Sheet Dashboard

Sheet Pivot Table 2
K1: Total Achievement | N1: Region
K2: =SUM(H2:J2) -> 0 | N2: Bali Nusra | O2: Central Java (Jateng) | P2: East Java (Jatim) | Q2: Grand Total
K3: =SUM(H3:J3) -> 0 | M3: Jumlah Promotor | N3: 3 | O3: 34 | P3: 24 | Q3: 61
K4: =SUM(H4:J4) -> 0
K5: =SUM(H5:J5) -> 18
K6: =SUM(H6:J6) -> 18
K7: =SUM(H7:J7) -> 6
K8: =SUM(H8:J8) -> 6
K9: =SUM(H9:J9) -> 65
K10: =SUM(H10:J10) -> 42
K11: =SUM(H11:J11) -> 39
K12: =SUM(H12:J12) -> 0
K13: =SUM(H13:J13) -> 79
K14: =SUM(H14:J14) -> 79
K15: =SUM(H15:J15) -> 30
... K60: =SUM(H60:J60) -> 11

Sheet !All Circle 
B1: REPORT ACCUMULATION ACHIEVEMENT PROMOTOR
B2: Region | C2: RGE | D2: Area Penempatan | E2: Jumlah Promotor | F2: Edukasi Total | G2: Rebuy Total | H2: Akuisisi Total | N2: KPI Targeted Promotor for All Region | W2: Performance Promotor
B3: Central Java | C3: Yogie | D3: Yogyakarta | E3: 5 | F3: =X14 -> 922 | G3: =Y14 -> 18 | H3: =Z14 -> 128 | K3: Region | L3: Area Penempatan | M3: COUNTUNIQUE of Nama Promotor | N3: Region | O3: RGE | P3: Area Penempatan | Q3: Targeted New Acquisitions | R3: Targeted Rebuy | S3: Performance Acqusition | T3: Performance Rebuy
C4: Fitri | D4: Solo | E4: 4 | F4: =X13 -> 632 | G4: =Y13 -> 69 | H4: =Z13 -> 100 | K4: Bali Nusra | L4: Denpasar | M4: 1 | N4: Wahyudi | O4: Yogie | P4: Yogyakarta | Q4: =M11*100 -> 1100 | R4: =200*E3 -> 1000 | S4: =(Z14/Q4) -> 0.11636364 | T4: =Y14/R4 -> 0.018
C5: Wahyudi | D5: Semarang | E5: 6 | F5: =X11 -> 1756 | G5: =Y11 -> 327.58182 | H5: =Z11 -> 236.70909 | L5: Gianyar | M5: 1 | O5: Fitri | P5: Solo | Q5: =M10*100 -> 500 | R5: =200*E4 -> 800 | S5: =Z13/Q5 -> 0.2 | T5: =Y13/R5 -> 0.08625
C6: Lingga | D6: Sleman | E6: 4 | F6: =X12 -> 498 | G6: =Y12 -> 55 | H6: =Z12 -> 91 | L6: Singaraja | M6: 1 | O6: Vacant | P6: Semarang | Q6: =M8*100 -> 1200 | R6: =200*E5 -> 1200 | S6: =Z11/Q6 -> 0.19725758 | T6: =Y11/R6 -> 0.27298485
C7: TOTAL | E7: 19 | F7: =SUM(F3:F6) -> 3808 | G7: =SUM(G3:G6) -> 469.58182 | H7: =SUM(H3:H6) -> 555.70909 | K7: Bali Nusra Total | M7: 3 | O7: Lingga | P7: Sleman | Q7: =M9*100 -> 700 | R7: =200*E6 -> 800 | S7: =Z12/Q7 -> 0.13 | T7: =Y12/R7 -> 0.06875
B8: East Java | C8: Melody | D8: Surabaya | E8: 7 | F8: =X28 -> 870.75 | G8: =Y28 -> 353.79091 | H8: =Z28 -> 156.85455 | K8: Central Java (Jateng) | L8: Semarang | M8: 12 | O8: TOTAL | Q8: =SUM(Q4:Q7) -> 3500 | R8: =SUM(R4:R7) -> 3800 | S8: =Z15/Q8 -> 0.15877403 | T8: =Y15/R8 -> 0.12357416
C9: Fendi | D9: Malang | E9: 5 | F9: =X27 -> 987.5 | G9: =Y27 -> 209.52727 | H9: =Z27 -> 65.236364 | L9: Sleman | M9: 7 | N9: East Java | O9: Melody | P9: Surabaya | Q9: =M15*100 -> 1100 | R9: =200*E8 -> 1400 | S9: =Z28/Q9 -> 0.14259504 | T9: =Y28/R9 -> 0.25270779 | W9: Central Java
C10: Rizal | D10: Jember | E10: 5 | F10: =X26 -> 1005 | G10: =Y26 -> 59 | H10: =Z26 -> 46 | L10: Solo | M10: 5 | O10: Fendi | P10: Malang | Q10: =M14*100 -> 500 | R10: =200*E9 -> 1000 | S10: =Z27/Q10 -> 0.13047273 | T10: =Y27/R10 -> 0.20952727 | W10: Area Penempatan | X10: Edukasi | Y10: Rebuy | Z10: Akusisi | AA10: Aktivasi Gemini
C11: TOTAL | E11: 17 | F11: =SUM(F7:F10) -> 6671.25 | G11: =SUM(G7:G10) -> 1091.9 | H11: =SUM(H7:H10) -> 823.8 | L11: Yogyakarta | M11: 11 | O11: Rizal | P11: Jember | Q11: =M13*100 -> 800 | R11: =200*E10 -> 1000 | S11: =Z26/Q11 -> 0.0575 | T11: =Y26/R11 -> 0.059 | W11: Semarang | X11: 1756 | Y11: 327.58182 | Z11: 236.70909 | AA11: 829.94545
B12: Bali Nusra | C12: Maria | D12: Denpasar | E12: 4 | F12: =X19 -> 30 | G12: =Y19 -> 0 | H12: =Z19 -> 8 | K12: Central Java (Jateng) Total | M12: 34 | O12: TOTAL | Q12: =SUM(Q8:Q11) -> 5900 | R12: =SUM(R9:R11) -> 3400 | S12: =Z29/Q12 -> 0.045439137 | T12: =Y29/R12 -> 0.18303476 | W12: Sleman | X12: 498 | Y12: 55 | Z12: 91 | AA12: 101
C13: Dewa | D13: Gianyar | E13: 2 | F13: =X20 -> 4 | G13: =Y20 -> 2 | H13: =Z20 -> 4 | K13: East Java (Jatim) | L13: Jember | M13: 8 | N13: Bali Nusra | O13: Maria | P13: Denpasar | Q13: =M4*100 -> 100 | R13: =200*E12 -> 800 | S13: =Z19/Q13 -> 0.08 | T13: =Y19/R13 -> 0 | W13: Solo | X13: 632 | Y13: 69 | Z13: 100 | AA13: 261
C14: Diswan | D14: Badung | E14: 2 | F14: 0 | G14: 0 | H14: 0 | L14: Malang | M14: 5 | O14: Dewa | P14: Gianyar | Q14: =M5*100 -> 100 | R14: =200*E13 -> 400 | S14: =Z20/Q14 -> 0.04 | T14: =Y20/R14 -> 0.005 | W14: Yogyakarta | X14: 922 | Y14: 18 | Z14: 128 | AA14: 161
C15: Afan | D15: Singaraja | E15: 2 | F15: =X21 -> 14 | G15: =Y21 -> 0 | H15: =Z21 -> 14 | L15: Surabaya | M15: 11 | O15: Diswan | P15: Badung | Q15: =E14*100 -> 200 | R15: =200*E14 -> 400 | S15: 0 | T15: 0 | W15: Grand Total | X15: 3808 | Y15: 469.58182 | Z15: 555.70909 | AA15: 1352.9455
C16: TOTAL | E16: =SUM(E12:E15) -> 10 | F16: =SUM(F12:F15) -> 48 | G16: =SUM(G12:G15) -> 2 | H16: =SUM(H12:H15) -> 26 | K16: East Java (Jatim) Total | M16: 24 | O16: Afan | P16: Singaraja | Q16: =M6*100 -> 100 | R16: =200*E15 -> 400 | S16: =Z21/Q16 -> 0.14 | T16: =Y22/R16 -> 0.005 | W16: per grand total | X16: =X15/X7 -> #DIV/0! | Y16: =Y15/Y7 -> #DIV/0! | Z16: =Z15/Z7 -> #DIV/0! | AA16: =AA15/AA7 -> #DIV/0!
B17: Total Circle Java | E17: =SUM(E7+E11+E16) -> 46 | F17: =F7+F11+F16 -> 10527.25 | G17: =G16+G11+G7 -> 1563.4818 | H17: =H16+H11+H7 -> 1405.5091 | K17: Region | L17: Area Penempatan | M17: 1 | O17: TOTAL | Q17: =SUM(Q13:Q16) -> 500 | R17: =SUM(R13:R16) -> 2000 | S17: =Z22/Q17 -> 0.052 | T17: =Y22/R17 -> 0.001 | W17: Bali Nusra
K18: Region Total | M18: 1 | N18: Rebuy | O18: 200 | Q18: Upselling Activations | R18: 200 | W18: Area Penempatan | X18: Edukasi | Y18: Rebuy | Z18: Akusisi | AA18: Aktivasi Gemini
K19: Grand Total | M19: 62 | W19: Denpasar | X19: 30 | Y19: 0 | Z19: 8 | AA19: 10
W20: Gianyar | X20: 4 | Y20: 2 | Z20: 4 | AA20: 0
O21: Week 1 | P21: Week 2 | Q21: Week 3 | R21: Week 4 | W21: Singaraja | X21: 14 | Y21: 0 | Z21: 14 | AA21: 14
W22: Grand Total | X22: 48 | Y22: 2 | Z22: 26 | AA22: 24
W23: per grand total | X23: =X22/X14 -> 0.052060738 | Y23: =Y22/Y14 -> 0.11111111 | Z23: =Z22/Z14 -> 0.203125 | AA23: =AA22/AA14 -> 0.14906832
W24: East Java
W25: Area Penempatan | X25: Edukasi | Y25: Rebuy | Z25: Akusisi | AA25: Aktivasi Gemini
W26: Jember | X26: 1005 | Y26: 59 | Z26: 46 | AA26: 229
W27: Malang | X27: 987.5 | Y27: 209.52727 | Z27: 65.236364 | AA27: 312.07273
W28: Surabaya | X28: 870.75 | Y28: 353.79091 | Z28: 156.85455 | AA28: 358.38182
W29: Grand Total | X29: 2863.25 | Y29: 622.31818 | Z29: 268.09091 | AA29: 899.45455
W30: per grand total | X30: =X29/X7 -> #DIV/0! | Y30: =Y29/Y7 -> #DIV/0! | Z30: =Z29/Z7 -> #DIV/0! | AA30: =AA29/AA7 -> #DIV/0!

Sheet Promotor Rank
H2: Accumulation | I2: Ranking East Java
H3: =SUM(C3:F3) -> 471.77727 | I3: 1 | J3: =IFERROR(__xludf.DUMMYFUNCTION("QUERY(B2:H23,""SELECT B,H ORDER BY H DESC LIMIT 5"",0)"),"Grand Total") -> Grand Total | K3: =IFERROR(__xludf.DUMMYFUNCTION("""COMPUTED_VALUE"""),4653.113636363637) -> 4653.1136
H4: =SUM(C4:F4) -> 407.33636 | I4: 2 | J4: =IFERROR(__xludf.DUMMYFUNCTION("""COMPUTED_VALUE"""),"Adit") -> Adit | K4: =IFERROR(__xludf.DUMMYFUNCTION("""COMPUTED_VALUE"""),471.7772727272732) -> 471.77727
H5: =SUM(C5:F5) -> 311 | I5: 3 | J5: =IFERROR(__xludf.DUMMYFUNCTION("""COMPUTED_VALUE"""),"aulia farah ") -> aulia farah | K5: =IFERROR(__xludf.DUMMYFUNCTION("""COMPUTED_VALUE"""),407.3363636363638) -> 407.33636
H6: =SUM(C6:F6) -> 264 | I6: 4 | J6: =IFERROR(__xludf.DUMMYFUNCTION("""COMPUTED_VALUE"""),"vina lailatul") -> vina lailatul | K6: =IFERROR(__xludf.DUMMYFUNCTION("""COMPUTED_VALUE"""),387.0) -> 387
H7: =SUM(C7:F7) -> 86 | I7: 5 | J7: =IFERROR(__xludf.DUMMYFUNCTION("""COMPUTED_VALUE"""),"Fandi Ahmad") -> Fandi Ahmad | K7: =IFERROR(__xludf.DUMMYFUNCTION("""COMPUTED_VALUE"""),384.0) -> 384
H8: =SUM(C8:F8) -> 160
H9: =SUM(C9:F9) -> 120
H10: =SUM(C10:F10) -> 176
H11: =SUM(C11:F11) -> 384
H12: =SUM(C12:F12) -> 334
H13: =SUM(C13:F13) -> 25
H14: =SUM(C14:F14) -> 204
H15: =SUM(C15:F15) -> 261
H16: =SUM(C16:F16) -> 1
H17: =SUM(C17:F17) -> 140
H18: =SUM(C18:F18) -> 308
H19: =SUM(C19:F19) -> 211
... H23: =SUM(C23:F23) -> 4653.1136
H27: Accumulation | I27: Ranking Central Java
H28: =SUM(D28:G28) -> 94.236364 | I28: 1 | J28: =IFERROR(__xludf.DUMMYFUNCTION("QUERY(B27:H62,""SELECT C,H ORDER BY H DESC LIMIT 5"",0)"),"") | K28: =IFERROR(__xludf.DUMMYFUNCTION("""COMPUTED_VALUE"""),1229.0) -> 1229
H29: =SUM(D29:G29) -> 274 | I29: 2 | K29: =IFERROR(__xludf.DUMMYFUNCTION("""COMPUTED_VALUE"""),1062.0) -> 1062
H30: =SUM(D30:G30) -> 259 | I30: 3 | J30: =IFERROR(__xludf.DUMMYFUNCTION("""COMPUTED_VALUE"""),"Zazha Adelia Soetikno") -> Zazha Adelia Soetikno | K30: =IFERROR(__xludf.DUMMYFUNCTION("""COMPUTED_VALUE"""),616.0) -> 616
H31: =SUM(D31:G31) -> 499 | I31: 4 | J31: =IFERROR(__xludf.DUMMYFUNCTION("""COMPUTED_VALUE"""),"M Mikail Azka (Kaka)") -> M Mikail Azka (Kaka) | K31: =IFERROR(__xludf.DUMMYFUNCTION("""COMPUTED_VALUE"""),499.0) -> 499
H32: =SUM(D32:G32) -> 336 | I32: 5 | J32: =IFERROR(__xludf.DUMMYFUNCTION("""COMPUTED_VALUE"""),"Nurul Hidayah") -> Nurul Hidayah | K32: =IFERROR(__xludf.DUMMYFUNCTION("""COMPUTED_VALUE"""),477.0) -> 477
H33: =SUM(D33:G33) -> 340
H34: =SUM(D34:G34) -> 477
H35: =SUM(D35:G35) -> 94
H36: =SUM(D36:G36) -> 616
H37: =SUM(D37:G37) -> 161
H40: =SUM(D40:G40) -> 13
H41: =SUM(D41:G41) -> 161
H42: =SUM(D42:G42) -> 232
H43: =SUM(D43:G43) -> 145
H44: =SUM(D44:G44) -> 62
H47: =SUM(D47:G47) -> 313
H48: =SUM(D48:G48) -> 389
... H61: =SUM(D61:G61) -> 1229
H64: Accumulation | I64: Ranking Bali Nusra
H65: =SUM(D65:G65) -> 48 | I65: 1 | J65: =IFERROR(__xludf.DUMMYFUNCTION("QUERY(C65:H71,""SELECT C,H ORDER BY H DESC LIMIT 5"",0)"),"Ryan shobwatur rizal") -> Ryan shobwatur rizal | K65: =IFERROR(__xludf.DUMMYFUNCTION("""COMPUTED_VALUE"""),48.0) -> 48
I66: 2 | J66: =IFERROR(__xludf.DUMMYFUNCTION("""COMPUTED_VALUE"""),"Lubna intan fadhilah") -> Lubna intan fadhilah | K66: =IFERROR(__xludf.DUMMYFUNCTION("""COMPUTED_VALUE"""),42.0) -> 42
H67: =SUM(D67:G67) -> 10 | I67: 3 | J67: =IFERROR(__xludf.DUMMYFUNCTION("""COMPUTED_VALUE"""),"Ni Kadek Novik Resya Putri") -> Ni Kadek Novik Resya Putri | K67: =IFERROR(__xludf.DUMMYFUNCTION("""COMPUTED_VALUE"""),10.0) -> 10
I68: 4
H69: =SUM(D69:G69) -> 42 | I69: 5

Sheet Promotor-Information
A2: Alif | B2: Central Java | F2: East Java | J2: Bali Nusra
A3: Updated Promotor | B3: BRANCH | C3: PROMOTOR IM3 | D3: PROMOTOR 3ID | F3: BRANCH | G3: PROMOTOR IM3 | H3: PROMOTOR 3ID | J3: BRANCH | K3: PROMOTOR IM3 | L3: PROMOTOR 3ID
B4: Yogyakarta | C4: Vian Erviana Reilyani | D4: Tasya Intan Maharani | F4: Surabaya | G4: Fira Daniarsa putri | H4: Khafied | J4: Denpasar | K4: Ryan Shobwatur (resign 8 jul)
C5: Nia Febriyanti | D5: Fransisca Meita W | G5: Vina Lailatul | H5: Arifa dziya | J5: Singaraja | K5: Lubna Intan
C6: Natalia Rizki Aria Wijaya | D6: Hafis Yosya Pradana | G6: Aditya Pratama | H6: Rizal (mundur per hari ini) | J6: Gianyar | K6: Novik Resya (resign 01/07/26)
C7: Sugiyanti | G7: Chestya Sayyidina (resign 02/07/26) | J7: Total | K7: 2 | L7: =COUNTA(L4:L6) -> 0
C8: Rebeka Tiara Busono | G8: Dimas Faizal
B9: Semarang | C9: Nurul Hidayah | D9: Devi Kumala Novianti | G9: M Raffi
C10: M Mikail Azka (Kaka) | D10: Zumalia Suci Retnowati | G10: Endah Widowati
C11: Zazha Adelia Soetikno | D11: Bagus Nurul Khamid | G11: Emillia Margaretha
C12: Ika Mayestika | D12: Septy Maulida | F12: Malang | G12: Fandi ahmad (resign 01/07/26) | H12: Erni Farida
C13: NOOR ROOFI JUNMANTINI | G13: Destya Kamila | H13: Tegas Galang Pamungkas
C14: Neha naura herwin | G14: Aulia Farah | H14: Penggalang Siswoyo
B15: Solo | C15: Retha | D15: Keiky Junieta Sari | G15: M Rheiza Prasanjaya | H15: Alviyan G
C16: Rizky pratama dewi | G16: Predika Tri Aditya
C17: Eva diana | F17: Jember | G17: Ulfa Faizatul Laily
C18: Nur Eka Junianti Harahap | G18: Putri
B19: Sleman | C19: SYAHRUL HADI MAULANA | G19: Resita putri anggraini
C20: Nila Mustika Sri | G20: Dewi Kumalasari
C21: Ganis Ghaniyy Rohim | G21: Tiara Putri Ramadhani
C22: Ika adhelia | G22: Dinda Nur A
C23: Erlis Krisnawati | F23: Sidoarjo | H23: Nanda Dwi
C24: Viantrini | H24: Imanuel Levi
C25: Lia Kurniawaty | H25: Yani (mundur per hari ini)
B26: Purwokerto | D26: Aufa Amaliatun | F26: Total | G26: 17 | H26: 8
B29: Total | C29: =COUNTA(C4:C28) -> 22 | D29: 6
C31: Tanda mundur/ Belum Fiks

Sheet Detail1-Denpasar-Ryan shobwatur
A1: Timestamp | B1: Hari & Tanggal | C1: Region | D1: Area Penempatan | E1: Nama Promotor | F1: Nama Outlet | G1: Upload Foto Kehadiran dengan Time Stamp (untuk Bukti Kehadiran) | H1: Jumlah edukasi - isi dengan angka. Cth: 2 (Target 30 hari: 600 edukasi Gemini) | I1: Bukti Foto Edukasi | J1: Jumlah penjualan Kartu Perdana - isi dengan angka. Cth: 2 (Target 30 hari: 100 Kartu Perdana terjual) | K1: Jumlah penjualan Paket Isi Ulang - isi dengan angka. Cth: 2 (Target 30 hari: 200 Paket Isi Ulang terjual) | L1: Bukti Foto Penjualan | M1: List No. HP yang terjual | N1: List No. HP yang melakukan isi ulang | O1: Upload Foto Kepulangan dengan Time Stamp (untuk Bukti Kepulangan) | P1: Jumlah aktivasi Gemini dari orang yang diedukasi | Q1: Hari & Tanggal 2 | R1: Brand | S1: Column 1
A2: 46206.855 | B2: 46206 | C2: Bali Nusra | D2: Denpasar | E2: Ryan shobwatur rizal | F2: TFT cell | G2: https://drive.google.com/open?id=15p1hHEvL_6drhRD645Bjo5cManPcBihC | H2: 10 | J2: 0 | K2: 0 | L2: https://drive.google.com/open?id=19EyudNkvCkHwmABxi5spE9V7lMT40ZNf | M2: 0 | N2: 0 | O2: https://drive.google.com/open?id=1fTvxRnm1SyQyvWRFXU9ddipA4czUUJQx | P2: 0
A3: 46203.694 | B3: 46203 | C3: Bali Nusra | D3: Denpasar | E3: Ryan shobwatur rizal | F3: TFT Cell | G3: https://drive.google.com/open?id=1DcXTeN8m_rKDeMnoEBJC57p0JckEVDHu | H3: 10 | J3: 3 | K3: 0 | L3: https://drive.google.com/open?id=1XehGREVNtETt2_ODnEWA-e8Wa8CJTWx9 | M3: 085728009454 085602898261 085602898260 | N3: 0 | O3: https://drive.google.com/open?id=1XGA6qYgnM9e0DYfwvMLbkbZGjpOKnvWL | P3: 3
A4: 46204.734 | B4: 46204 | C4: Bali Nusra | D4: Denpasar | E4: Ryan shobwatur rizal | F4: TFT cell | G4: https://drive.google.com/open?id=1vPcYfeSF3J_xCVfeTKfyrxExrXk7zWv5 | H4: 5 | J4: 2 | K4: 0 | L4: https://drive.google.com/open?id=1CQYc1OedGfnT5x4m7H5Lps1jh5JphR_h | M4: 085602899546 085602899545 | N4: 0 | O4: https://drive.google.com/open?id=1WzeTQ9Y30UxC2RrTtRX01wPYZ2S0zQch | P4: 5
A5: 46205.881 | B5: 46205 | C5: Bali Nusra | D5: Denpasar | E5: Ryan shobwatur rizal | F5: TFT cell | G5: https://drive.google.com/open?id=1xjiwCU17Pjohd0XMzynVILY9MNm1nNdQ | H5: 5 | J5: 3 | K5: 0 | L5: https://drive.google.com/open?id=1XUhrOQUh7kdjQDxGbRZqbUUTY4lXxb2Y | M5: 085602899544 085602899539 085602899540 | N5: 0 | O5: https://drive.google.com/open?id=1pgM2h7OFs3P6h1aX7rjkyd6oXI7JwGUA | P5: 2

Sheet Summary CJ
J2: Edukasi | M2: Rebuy | P2: Acquisition | S2: GEMINI
H3: RGE | I3: Area Penempatan | J3: Target | K3: Actual | L3: % ACh | M3: Target | N3: Actual | O3: % ACh | P3: Target | Q3: Actual | R3: % ACh | S3: Claim
H4: Sekar | I4: Yogyakarta | J4: =SUMifs(J$12:J42,$C$12:$C42,$I4,$G$12:$G42,"true") -> 3600 | K4: =SUMifs(K$12:K42,$C$12:$C42,$I4,$G$12:$G42,"true") -> 822 | L4: =K4/J4 -> 0.22833333 | M4: =SUMifs(M$12:M42,$C$12:$C42,$I4,$G$12:$G42,"true") -> 1200 | N4: =SUMifs(N$12:N42,C$12:C42,$I4,G$12:G42,"true") -> 7 | O4: =N4/M4 -> 0.0058333333 | P4: =SUMifs(P$12:P42,$C$12:$C42,$I4,$G$12:$G42,"true") -> 600 | Q4: =SUMifs(Q$12:Q42,C$12:C42,$I4,G$12:G42,"true") -> 114 | R4: =Q4/P4 -> 0.19 | S4: =SUMifs(S$12:S42,$C$12:$C42,$I4,$G$12:$G42,"true") -> 155
H5: Fitri | I5: Solo | J5: =SUMifs(J$12:J42,$C$12:$C42,$I5,$G$12:$G42,"true") -> 3000 | K5: =SUMifs(K$12:K42,C$12:C42,$I5,G$12:G42,"true") -> 622 | L5: =K5/J5 -> 0.20733333 | M5: =SUMifs(M$12:M42,$C$12:$C42,$I5,$G$12:$G42,"true") -> 1000 | N5: =SUMifs(N$12:N42,C$12:C42,$I5,G$12:G42,"true") -> 69 | O5: =N5/M5 -> 0.069 | P5: =SUMifs(P$12:P42,$C$12:$C42,$I5,$G$12:$G42,"true") -> 500 | Q5: =SUMifs(Q$12:Q42,C$12:C42,$I5,G$12:G42,"true") -> 98 | R5: =Q5/P5 -> 0.196 | S5: =SUMifs(S$12:S42,$C$12:$C42,$I5,$G$12:$G42,"true") -> 251
H6: Vacant | I6: Semarang | J6: =SUMifs(J$12:J42,$C$12:$C42,$I6,$G$12:$G42,"true") -> 6000 | K6: =SUMifs(K$12:K42,C$12:C42,$I6,G$12:G42,"true") -> 1756 | L6: =K6/J6 -> 0.29266667 | M6: =SUMifs(M$12:M42,$C$12:$C42,$I6,$G$12:$G42,"true") -> 2000 | N6: =SUMifs(N$12:N42,C$12:C42,$I6,G$12:G42,"true") -> 327.58182 | O6: =N6/M6 -> 0.16379091 | P6: =SUMifs(P$12:P42,$C$12:$C42,$I6,$G$12:$G42,"true") -> 1000 | Q6: =SUMifs(Q$12:Q42,C$12:C42,$I6,G$12:G42,"true") -> 236.70909 | R6: =Q6/P6 -> 0.23670909 | S6: =SUMifs(S$12:S42,$C$12:$C42,$I6,$G$12:$G42,"true") -> 829.94545
H7: Lingga | I7: Sleman | J7: =SUMifs(J$12:J42,$C$12:$C42,$I7,$G$12:$G42,"true") -> 3000 | K7: =SUMifs(K$12:K42,C$12:C42,$I7,G$12:G42,"true") -> 527 | L7: =K7/J7 -> 0.17566667 | M7: =SUMifs(M$12:M42,$C$12:$C42,$I7,$G$12:$G42,"true") -> 1000 | N7: =SUMifs(N$12:N42,C$12:C42,$I7,G$12:G42,"true") -> 56 | O7: =N7/M7 -> 0.056 | P7: =SUMifs(P$12:P42,$C$12:$C42,$I7,$G$12:$G42,"true") -> 500 | Q7: =SUMifs(Q$12:Q42,C$12:C42,$I7,G$12:G42,"true") -> 92 | R7: =Q7/P7 -> 0.184 | S7: =SUMifs(S$12:S42,$C$12:$C42,$I7,$G$12:$G42,"true") -> 102 | U7: date
H8: Central JAVA | J8: =sum(J4:J7) -> 15600 | K8: =sum(K4:K7) -> 3727 | L8: =K8/J8 -> 0.23891026 | M8: =sum(M4:M7) -> 5200 | N8: =sum(N4:N7) -> 459.58182 | O8: =N8/M8 -> 0.088381119 | P8: =sum(P4:P7) -> 2600 | Q8: =sum(Q4:Q7) -> 540.70909 | R8: =Q8/P8 -> 0.20796503 | S8: =sum(S4:S7) -> 1337.9455 | U8: 46211
J10: Edukasi | M10: Rebuy | P10: Acquisition | S10: GEMINI | U10: QUICK COUNT ( REAL TIME)
C11: BRANCH | D11: KAMPUS | E11: OUTLET | F11: PROMOTOR | G11: STATUS ONBOARD | H11: TANGGAL ONBOARD | I11: Masa Kerja | J11: Target | K11: Actual | L11: % ACh | M11: Target | N11: Actual | O11: % ACh | P11: Target | Q11: Actual | R11: % ACh | S11: Claim | U11: EDUKASI | V11: REBUY | W11: AKUISISI | X11: GEMINI
A12: 1 | B12: 1 | C12: Yogyakarta | D12: UAD | E12: {=xlookup(F12,'Form Responses 1'!E:E,'Form Responses 1'!F:F,"")} -> Jogja card | F12: Vian Erviana Reilyani | G12: TRUE | H12: 46195 | I12: =TODAY()-H12 -> 17 | J12: 600 | K12: =sumifs('Form Responses 1'!H:H,'Form Responses 1'!E:E,F12) -> 218 | L12: =K12/J12 -> 0.36333333 | M12: 200 | N12: =sumifs('Form Responses 1'!K:K,'Form Responses 1'!E:E,F12) -> 7 | O12: =N12/M12 -> 0.035 | P12: 100 | Q12: =sumifs('Form Responses 1'!J:J,'Form Responses 1'!E:E,F12) -> 49 | R12: =Q12/P12 -> 0.49 | S12: =sumifs('Form Responses 1'!P:P,'Form Responses 1'!E:E,F12) -> 59 | U12: =sumifs('Form Responses 1'!H:H,'Form Responses 1'!E:E,F12,'Form Responses 1'!$B:$B,$U$8) -> 0 | V12: =sumifs('Form Responses 1'!K:K,'Form Responses 1'!E:E,F12,'Form Responses 1'!$B:$B,$U$8) -> 0 | W12: =sumifs('Form Responses 1'!J:J,'Form Responses 1'!E:E,F12,'Form Responses 1'!$B:$B,$U$8) -> 0 | X12: =sumifs('Form Responses 1'!P:P,'Form Responses 1'!E:E,F12,'Form Responses 1'!$B:$B,$U$8) -> 0
A13: 2 | B13: 2 | C13: Yogyakarta | D13: UTY | E13: {=xlookup(F13,'Form Responses 1'!E:E,'Form Responses 1'!F:F,"")} -> SKA CELL | F13: Nia Febriyanti | G13: TRUE | H13: 46195 | I13: =TODAY()-H13 -> 17 | J13: 600 | K13: =sumifs('Form Responses 1'!H:H,'Form Responses 1'!E:E,F13) -> 176 | L13: =K13/J13 -> 0.29333333 | M13: 200 | N13: =sumifs('Form Responses 1'!K:K,'Form Responses 1'!E:E,F13) -> 0 | O13: =N13/M13 -> 0 | P13: 100 | Q13: =sumifs('Form Responses 1'!J:J,'Form Responses 1'!E:E,F13) -> 34 | R13: =Q13/P13 -> 0.34 | S13: =sumifs('Form Responses 1'!P:P,'Form Responses 1'!E:E,F13) -> 42 | U13: =sumifs('Form Responses 1'!H:H,'Form Responses 1'!E:E,F13,'Form Responses 1'!$B:$B,$U$8) -> 0 | V13: =sumifs('Form Responses 1'!K:K,'Form Responses 1'!E:E,F13,'Form Responses 1'!$B:$B,$U$8) -> 0 | W13: =sumifs('Form Responses 1'!J:J,'Form Responses 1'!E:E,F13,'Form Responses 1'!$B:$B,$U$8) -> 0 | X13: =sumifs('Form Responses 1'!P:P,'Form Responses 1'!E:E,F13,'Form Responses 1'!$B:$B,$U$8) -> 0
A14: 3 | B14: 3 | C14: Yogyakarta | D14: PGRI | E14: {=xlookup(F14,'Form Responses 1'!E:E,'Form Responses 1'!F:F,"")} -> Malioboro | F14: Natalia Rizki Aria Wijaya | G14: TRUE | H14: 46200 | I14: =TODAY()-H14 -> 12 | J14: 600 | K14: =sumifs('Form Responses 1'!H:H,'Form Responses 1'!E:E,F14) -> 220 | L14: =K14/J14 -> 0.36666667 | M14: 200 | N14: =sumifs('Form Responses 1'!K:K,'Form Responses 1'!E:E,F14) -> 0 | O14: =N14/M14 -> 0 | P14: 100 | Q14: =sumifs('Form Responses 1'!J:J,'Form Responses 1'!E:E,F14) -> 23 | R14: =Q14/P14 -> 0.23 | S14: =sumifs('Form Responses 1'!P:P,'Form Responses 1'!E:E,F14) -> 35 | U14: =sumifs('Form Responses 1'!H:H,'Form Responses 1'!E:E,F14,'Form Responses 1'!$B:$B,$U$8) -> 0 | V14: =sumifs('Form Responses 1'!K:K,'Form Responses 1'!E:E,F14,'Form Responses 1'!$B:$B,$U$8) -> 0 | W14: =sumifs('Form Responses 1'!J:J,'Form Responses 1'!E:E,F14,'Form Responses 1'!$B:$B,$U$8) -> 0 | X14: =sumifs('Form Responses 1'!P:P,'Form Responses 1'!E:E,F14,'Form Responses 1'!$B:$B,$U$8) -> 0
A15: 5 | B15: 4 | C15: Yogyakarta | D15: ISI | E15: {=xlookup(F15,'Form Responses 1'!E:E,'Form Responses 1'!F:F,"")} -> Public Cell | F15: Sugiyanti | G15: TRUE | H15: 46202 | I15: =TODAY()-H15 -> 10 | J15: 600 | K15: =sumifs('Form Responses 1'!H:H,'Form Responses 1'!E:E,F15) -> 126 | L15: =K15/J15 -> 0.21 | M15: 200 | N15: =sumifs('Form Responses 1'!K:K,'Form Responses 1'!E:E,F15) -> 0 | O15: =N15/M15 -> 0 | P15: 100 | Q15: =sumifs('Form Responses 1'!J:J,'Form Responses 1'!E:E,F15) -> 8 | R15: =Q15/P15 -> 0.08 | S15: =sumifs('Form Responses 1'!P:P,'Form Responses 1'!E:E,F15) -> 8 | U15: =sumifs('Form Responses 1'!H:H,'Form Responses 1'!E:E,F15,'Form Responses 1'!$B:$B,$U$8) -> 0 | V15: =sumifs('Form Responses 1'!K:K,'Form Responses 1'!E:E,F15,'Form Responses 1'!$B:$B,$U$8) -> 0 | W15: =sumifs('Form Responses 1'!J:J,'Form Responses 1'!E:E,F15,'Form Responses 1'!$B:$B,$U$8) -> 0 | X15: =sumifs('Form Responses 1'!P:P,'Form Responses 1'!E:E,F15,'Form Responses 1'!$B:$B,$U$8) -> 0
A16: 6 | B16: 5 | C16: Yogyakarta | D16: UTY | E16: {=xlookup(F16,'Form Responses 1'!E:E,'Form Responses 1'!F:F,"")} -> SKA CELL | F16: Rebeka Tiara Busono | G16: TRUE | H16: 46204 | I16: =TODAY()-H16 -> 8 | J16: 600 | K16: =sumifs('Form Responses 1'!H:H,'Form Responses 1'!E:E,F16) -> 74 | L16: =K16/J16 -> 0.12333333 | M16: 200 | N16: =sumifs('Form Responses 1'!I:I,'Form Responses 1'!F:F,G16) -> 0 | O16: =N16/M16 -> 0 | P16: 100 | Q16: =sumifs('Form Responses 1'!J:J,'Form Responses 1'!G:G,H16) -> 0 | R16: =Q16/P16 -> 0 | S16: =sumifs('Form Responses 1'!P:P,'Form Responses 1'!E:E,F16) -> 7 | U16: =sumifs('Form Responses 1'!H:H,'Form Responses 1'!E:E,F16,'Form Responses 1'!$B:$B,$U$8) -> 0 | V16: =sumifs('Form Responses 1'!K:K,'Form Responses 1'!E:E,F16,'Form Responses 1'!$B:$B,$U$8) -> 0 | W16: =sumifs('Form Responses 1'!J:J,'Form Responses 1'!E:E,F16,'Form Responses 1'!$B:$B,$U$8) -> 0 | X16: =sumifs('Form Responses 1'!P:P,'Form Responses 1'!E:E,F16,'Form Responses 1'!$B:$B,$U$8) -> 0
B17: 6 | C17: Yogyakarta | F17: Tasya Intan Maharani | G17: TRUE | H17: 46210 | J17: 600 | K17: =sumifs('Form Responses 1'!H:H,'Form Responses 1'!E:E,F17) -> 8 | L17: =K17/J17 -> 0.013333333 | M17: 200 | N17: =sumifs('Form Responses 1'!I:I,'Form Responses 1'!F:F,G17) -> 0 | O17: =N17/M17 -> 0 | P17: 100 | Q17: =sumifs('Form Responses 1'!J:J,'Form Responses 1'!G:G,H17) -> 0 | R17: =Q17/P17 -> 0 | S17: =sumifs('Form Responses 1'!P:P,'Form Responses 1'!E:E,F17) -> 4 | U17: =sumifs('Form Responses 1'!H:H,'Form Responses 1'!E:E,F17,'Form Responses 1'!$B:$B,$U$8) -> 5 | V17: =sumifs('Form Responses 1'!K:K,'Form Responses 1'!E:E,F17,'Form Responses 1'!$B:$B,$U$8) -> 1 | W17: =sumifs('Form Responses 1'!J:J,'Form Responses 1'!E:E,F17,'Form Responses 1'!$B:$B,$U$8) -> 0 | X17: =sumifs('Form Responses 1'!P:P,'Form Responses 1'!E:E,F17,'Form Responses 1'!$B:$B,$U$8) -> 2
B18: 7 | C18: Yogyakarta | F18: Fransisca Meita W | G18: FALSE | H18: TUNGGU KONFIRM | J18: 600 | K18: =sumifs('Form Responses 1'!H:H,'Form Responses 1'!E:E,F18) -> 0 | L18: =K18/J18 -> 0 | M18: 200 | N18: =sumifs('Form Responses 1'!I:I,'Form Responses 1'!F:F,G18) -> 0 | O18: =N18/M18 -> 0 | P18: 100 | Q18: =sumifs('Form Responses 1'!J:J,'Form Responses 1'!G:G,H18) -> 0 | R18: =Q18/P18 -> 0 | S18: =sumifs('Form Responses 1'!P:P,'Form Responses 1'!E:E,F18) -> 0 | U18: =sumifs('Form Responses 1'!H:H,'Form Responses 1'!E:E,F18,'Form Responses 1'!$B:$B,$U$8) -> 0 | V18: =sumifs('Form Responses 1'!K:K,'Form Responses 1'!E:E,F18,'Form Responses 1'!$B:$B,$U$8) -> 0 | W18: =sumifs('Form Responses 1'!J:J,'Form Responses 1'!E:E,F18,'Form Responses 1'!$B:$B,$U$8) -> 0 | X18: =sumifs('Form Responses 1'!P:P,'Form Responses 1'!E:E,F18,'Form Responses 1'!$B:$B,$U$8) -> 0
B19: 8 | C19: Yogyakarta | F19: Hafis Yosya Pradana | G19: FALSE | H19: TUNGGU KONFIRM | J19: 600 | K19: =sumifs('Form Responses 1'!H:H,'Form Responses 1'!E:E,F19) -> 0 | L19: =K19/J19 -> 0 | M19: 200 | N19: =sumifs('Form Responses 1'!I:I,'Form Responses 1'!F:F,G19) -> 0 | O19: =N19/M19 -> 0 | P19: 100 | Q19: =sumifs('Form Responses 1'!J:J,'Form Responses 1'!G:G,H19) -> 0 | R19: =Q19/P19 -> 0 | S19: =sumifs('Form Responses 1'!P:P,'Form Responses 1'!E:E,F19) -> 0 | U19: =sumifs('Form Responses 1'!H:H,'Form Responses 1'!E:E,F19,'Form Responses 1'!$B:$B,$U$8) -> 0 | V19: =sumifs('Form Responses 1'!K:K,'Form Responses 1'!E:E,F19,'Form Responses 1'!$B:$B,$U$8) -> 0 | W19: =sumifs('Form Responses 1'!J:J,'Form Responses 1'!E:E,F19,'Form Responses 1'!$B:$B,$U$8) -> 0 | X19: =sumifs('Form Responses 1'!P:P,'Form Responses 1'!E:E,F19,'Form Responses 1'!$B:$B,$U$8) -> 0
A20: 1 | B20: 9 | C20: Semarang | D20: UNNES & UNWAHAS | E20: {=xlookup(F20,'Form Responses 1'!E:E,'Form Responses 1'!F:F,"")} -> Graha Komunika | F20: Nurul Hidayah | G20: TRUE | H20: 46198 | I20: =TODAY()-H20 -> 14 | J20: 600 | K20: =sumifs('Form Responses 1'!H:H,'Form Responses 1'!E:E,F20) -> 280 | L20: =K20/J20 -> 0.46666667 | M20: 200 | N20: =sumifs('Form Responses 1'!K:K,'Form Responses 1'!E:E,F20) -> 39 | O20: =N20/M20 -> 0.195 | P20: 100 | Q20: =sumifs('Form Responses 1'!J:J,'Form Responses 1'!E:E,F20) -> 45 | R20: =Q20/P20 -> 0.45 | S20: =sumifs('Form Responses 1'!P:P,'Form Responses 1'!E:E,F20) -> 113 | U20: =sumifs('Form Responses 1'!H:H,'Form Responses 1'!E:E,F20,'Form Responses 1'!$B:$B,$U$8) -> 0 | V20: =sumifs('Form Responses 1'!K:K,'Form Responses 1'!E:E,F20,'Form Responses 1'!$B:$B,$U$8) -> 0 | W20: =sumifs('Form Responses 1'!J:J,'Form Responses 1'!E:E,F20,'Form Responses 1'!$B:$B,$U$8) -> 0 | X20: =sumifs('Form Responses 1'!P:P,'Form Responses 1'!E:E,F20,'Form Responses 1'!$B:$B,$U$8) -> 0
A21: 2 | B21: 10 | C21: Semarang | D21: Unika | E21: {=xlookup(F21,'Form Responses 1'!E:E,'Form Responses 1'!F:F,"")} -> Amos Cell | F21: M Mikail Azka (Kaka) | G21: TRUE | H21: 46196 | I21: =TODAY()-H21 -> 16 | J21: 600 | K21: =sumifs('Form Responses 1'!H:H,'Form Responses 1'!E:E,F21) -> 272 | L21: =K21/J21 -> 0.45333333 | M21: 200 | N21: =sumifs('Form Responses 1'!K:K,'Form Responses 1'!E:E,F21) -> 43 | O21: =N21/M21 -> 0.215 | P21: 100 | Q21: =sumifs('Form Responses 1'!J:J,'Form Responses 1'!E:E,F21) -> 36 | R21: =Q21/P21 -> 0.36 | S21: =sumifs('Form Responses 1'!P:P,'Form Responses 1'!E:E,F21) -> 148 | U21: =sumifs('Form Responses 1'!H:H,'Form Responses 1'!E:E,F21,'Form Responses 1'!$B:$B,$U$8) -> 23 | V21: =sumifs('Form Responses 1'!K:K,'Form Responses 1'!E:E,F21,'Form Responses 1'!$B:$B,$U$8) -> 6 | W21: =sumifs('Form Responses 1'!J:J,'Form Responses 1'!E:E,F21,'Form Responses 1'!$B:$B,$U$8) -> 0 | X21: =sumifs('Form Responses 1'!P:P,'Form Responses 1'!E:E,F21,'Form Responses 1'!$B:$B,$U$8) -> 16
A22: 3 | B22: 11 | C22: Semarang | D22: UDINUS | E22: {=xlookup(F22,'Form Responses 1'!E:E,'Form Responses 1'!F:F,"")} -> Hi bizz | F22: Zazha Adelia Soetikno | G22: TRUE | H22: 46196 | I22: =TODAY()-H22 -> 16 | J22: 600 | K22: =sumifs('Form Responses 1'!H:H,'Form Responses 1'!E:E,F22) -> 388 | L22: =K22/J22 -> 0.64666667 | M22: 200 | N22: =sumifs('Form Responses 1'!K:K,'Form Responses 1'!E:E,F22) -> 23 | O22: =N22/M22 -> 0.115 | P22: 100 | Q22: =sumifs('Form Responses 1'!J:J,'Form Responses 1'!E:E,F22) -> 60 | R22: =Q22/P22 -> 0.6 | S22: =sumifs('Form Responses 1'!P:P,'Form Responses 1'!E:E,F22) -> 145 | U22: =sumifs('Form Responses 1'!H:H,'Form Responses 1'!E:E,F22,'Form Responses 1'!$B:$B,$U$8) -> 25 | V22: =sumifs('Form Responses 1'!K:K,'Form Responses 1'!E:E,F22,'Form Responses 1'!$B:$B,$U$8) -> 3 | W22: =sumifs('Form Responses 1'!J:J,'Form Responses 1'!E:E,F22,'Form Responses 1'!$B:$B,$U$8) -> 3 | X22: =sumifs('Form Responses 1'!P:P,'Form Responses 1'!E:E,F22,'Form Responses 1'!$B:$B,$U$8) -> 13
A23: 4 | B23: 12 | C23: Semarang | D23: STIE Dharma Putra | E23: {=xlookup(F23,'Form Responses 1'!E:E,'Form Responses 1'!F:F,"")} -> Amos cell | F23: Ika Mayestika | G23: TRUE | H23: 46203 | I23: =TODAY()-H23 -> 9 | J23: 600 | K23: =sumifs('Form Responses 1'!H:H,'Form Responses 1'!E:E,F23) -> 125 | L23: =K23/J23 -> 0.20833333 | M23: 200 | N23: =sumifs('Form Responses 1'!K:K,'Form Responses 1'!E:E,F23) -> 65 | O23: =N23/M23 -> 0.325 | P23: 100 | Q23: =sumifs('Form Responses 1'!J:J,'Form Responses 1'!E:E,F23) -> 15 | R23: =Q23/P23 -> 0.15 | S23: =sumifs('Form Responses 1'!P:P,'Form Responses 1'!E:E,F23) -> 54 | U23: =sumifs('Form Responses 1'!H:H,'Form Responses 1'!E:E,F23,'Form Responses 1'!$B:$B,$U$8) -> 25 | V23: =sumifs('Form Responses 1'!K:K,'Form Responses 1'!E:E,F23,'Form Responses 1'!$B:$B,$U$8) -> 20 | W23: =sumifs('Form Responses 1'!J:J,'Form Responses 1'!E:E,F23,'Form Responses 1'!$B:$B,$U$8) -> 1 | X23: =sumifs('Form Responses 1'!P:P,'Form Responses 1'!E:E,F23,'Form Responses 1'!$B:$B,$U$8) -> 12
A24: 5 | B24: 13 | C24: Semarang | D24: UNDIP | E24: {=xlookup(F24,'Form Responses 1'!E:E,'Form Responses 1'!F:F,"")} -> Hibizz | F24: NOOR ROOFI JUNMANTINI | G24: TRUE | H24: 46203 | I24: =TODAY()-H24 -> 9 | J24: 600 | K24: =sumifs('Form Responses 1'!H:H,'Form Responses 1'!E:E,F24) -> 163 | L24: =K24/J24 -> 0.27166667 | M24: 200 | N24: =sumifs('Form Responses 1'!K:K,'Form Responses 1'!E:E,F24) -> 45 | O24: =N24/M24 -> 0.225 | P24: 100 | Q24: =sumifs('Form Responses 1'!J:J,'Form Responses 1'!E:E,F24) -> 44 | R24: =Q24/P24 -> 0.44 | S24: =sumifs('Form Responses 1'!P:P,'Form Responses 1'!E:E,F24) -> 88 | U24: =sumifs('Form Responses 1'!H:H,'Form Responses 1'!E:E,F24,'Form Responses 1'!$B:$B,$U$8) -> 0 | V24: =sumifs('Form Responses 1'!K:K,'Form Responses 1'!E:E,F24,'Form Responses 1'!$B:$B,$U$8) -> 0 | W24: =sumifs('Form Responses 1'!J:J,'Form Responses 1'!E:E,F24,'Form Responses 1'!$B:$B,$U$8) -> 0 | X24: =sumifs('Form Responses 1'!P:P,'Form Responses 1'!E:E,F24,'Form Responses 1'!$B:$B,$U$8) -> 0
A25: 6 | B25: 14 | C25: Semarang | D25: Polines | E25: {=xlookup(F25,'Form Responses 1'!E:E,'Form Responses 1'!F:F,"")} -> Nafiri pom | F25: NEHA NAURA HERWIN | G25: TRUE | H25: 46203 | J25: 600 | K25: =sumifs('Form Responses 1'!H:H,'Form Responses 1'!E:E,F25) -> 168 | L25: =K25/J25 -> 0.28 | M25: 200 | N25: =sumifs('Form Responses 1'!K:K,'Form Responses 1'!E:E,F25) -> 46 | O25: =N25/M25 -> 0.23 | P25: 100 | Q25: =sumifs('Form Responses 1'!J:J,'Form Responses 1'!E:E,F25) -> 13 | R25: =Q25/P25 -> 0.13 | S25: =sumifs('Form Responses 1'!P:P,'Form Responses 1'!E:E,F25) -> 109 | U25: =sumifs('Form Responses 1'!H:H,'Form Responses 1'!E:E,F25,'Form Responses 1'!$B:$B,$U$8) -> 0 | V25: =sumifs('Form Responses 1'!K:K,'Form Responses 1'!E:E,F25,'Form Responses 1'!$B:$B,$U$8) -> 0 | W25: =sumifs('Form Responses 1'!J:J,'Form Responses 1'!E:E,F25,'Form Responses 1'!$B:$B,$U$8) -> 0 | X25: =sumifs('Form Responses 1'!P:P,'Form Responses 1'!E:E,F25,'Form Responses 1'!$B:$B,$U$8) -> 0
B26: 15 | C26: Semarang | D26: USM | E26: {=xlookup(F26,'Form Responses 1'!E:E,'Form Responses 1'!F:F,"")} -> Susan cell | F26: Septy maulida ( sely ) | G26: TRUE | H26: 46205 | I26: =TODAY()-H26 -> 7 | J26: 600 | K26: =sumifs('Form Responses 1'!H:H,'Form Responses 1'!E:E,F26) -> 49 | L26: =K26/J26 -> 0.081666667 | M26: 200 | N26: =sumifs('Form Responses 1'!K:K,'Form Responses 1'!E:E,F26) -> 4 | O26: =N26/M26 -> 0.02 | P26: 100 | Q26: =sumifs('Form Responses 1'!J:J,'Form Responses 1'!E:E,F26) -> 5 | R26: =Q26/P26 -> 0.05 | S26: =sumifs('Form Responses 1'!P:P,'Form Responses 1'!E:E,F26) -> 36 | U26: =sumifs('Form Responses 1'!H:H,'Form Responses 1'!E:E,F26,'Form Responses 1'!$B:$B,$U$8) -> 18 | V26: =sumifs('Form Responses 1'!K:K,'Form Responses 1'!E:E,F26,'Form Responses 1'!$B:$B,$U$8) -> 1 | W26: =sumifs('Form Responses 1'!J:J,'Form Responses 1'!E:E,F26,'Form Responses 1'!$B:$B,$U$8) -> 1 | X26: =sumifs('Form Responses 1'!P:P,'Form Responses 1'!E:E,F26,'Form Responses 1'!$B:$B,$U$8) -> 6
B27: 16 | C27: Semarang | D27: UIN Walisongo | E27: {=xlookup(F27,'Form Responses 1'!E:E,'Form Responses 1'!F:F,"")} -> Kimo cell | F27: Zumalia Suci Retnowati | G27: TRUE | H27: 46205 | I27: =TODAY()-H27 -> 7 | J27: 600 | K27: =sumifs('Form Responses 1'!H:H,'Form Responses 1'!E:E,F27) -> 135 | L27: =K27/J27 -> 0.225 | M27: 200 | N27: =sumifs('Form Responses 1'!K:K,'Form Responses 1'!E:E,F27) -> 8 | O27: =N27/M27 -> 0.04 | P27: 100 | Q27: =sumifs('Form Responses 1'!J:J,'Form Responses 1'!E:E,F27) -> 3 | R27: =Q27/P27 -> 0.03 | S27: =sumifs('Form Responses 1'!P:P,'Form Responses 1'!E:E,F27) -> 15 | U27: =sumifs('Form Responses 1'!H:H,'Form Responses 1'!E:E,F27,'Form Responses 1'!$B:$B,$U$8) -> 0 | V27: =sumifs('Form Responses 1'!K:K,'Form Responses 1'!E:E,F27,'Form Responses 1'!$B:$B,$U$8) -> 0 | W27: =sumifs('Form Responses 1'!J:J,'Form Responses 1'!E:E,F27,'Form Responses 1'!$B:$B,$U$8) -> 0 | X27: =sumifs('Form Responses 1'!P:P,'Form Responses 1'!E:E,F27,'Form Responses 1'!$B:$B,$U$8) -> 0
B28: 17 | C28: Semarang | D28: UNWAHAZ | E28: Aristo Card | F28: Devi kumala novianti | G28: TRUE | H28: 46205 | I28: =TODAY()-H28 -> 7 | J28: 600 | K28: =sumifs('Form Responses 1'!H:H,'Form Responses 1'!E:E,F28) -> 151 | L28: =K28/J28 -> 0.25166667 | M28: 200 | N28: =sumifs('Form Responses 1'!K:K,'Form Responses 1'!E:E,F28) -> 33 | O28: =N28/M28 -> 0.165 | P28: 100 | Q28: =sumifs('Form Responses 1'!J:J,'Form Responses 1'!E:E,F28) -> 9 | R28: =Q28/P28 -> 0.09 | S28: =sumifs('Form Responses 1'!P:P,'Form Responses 1'!E:E,F28) -> 81 | U28: =sumifs('Form Responses 1'!H:H,'Form Responses 1'!E:E,F28,'Form Responses 1'!$B:$B,$U$8) -> 25 | V28: =sumifs('Form Responses 1'!K:K,'Form Responses 1'!E:E,F28,'Form Responses 1'!$B:$B,$U$8) -> 10 | W28: =sumifs('Form Responses 1'!J:J,'Form Responses 1'!E:E,F28,'Form Responses 1'!$B:$B,$U$8) -> 2 | X28: =sumifs('Form Responses 1'!P:P,'Form Responses 1'!E:E,F28,'Form Responses 1'!$B:$B,$U$8) -> 13
B29: 18 | C29: semarang | D29: UNIMUS | E29: {=xlookup(F29,'Form Responses 1'!E:E,'Form Responses 1'!F:F,"")} -> King Tronik 2 | F29: Bagus Nurul Khamid | G29: TRUE | H29: 46205 | I29: =TODAY()-H29 -> 7 | J29: 600 | K29: =sumifs('Form Responses 1'!H:H,'Form Responses 1'!E:E,F29) -> 25 | L29: =K29/J29 -> 0.041666667 | M29: 200 | N29: =sumifs('Form Responses 1'!K:K,'Form Responses 1'!E:E,F29) -> 21.581818 | O29: =N29/M29 -> 0.10790909 | P29: 100 | Q29: =sumifs('Form Responses 1'!J:J,'Form Responses 1'!E:E,F29) -> 6.7090909 | R29: =Q29/P29 -> 0.067090909 | S29: =sumifs('Form Responses 1'!P:P,'Form Responses 1'!E:E,F29) -> 40.945455 | U29: =sumifs('Form Responses 1'!H:H,'Form Responses 1'!E:E,F29,'Form Responses 1'!$B:$B,$U$8) -> 8 | V29: =sumifs('Form Responses 1'!K:K,'Form Responses 1'!E:E,F29,'Form Responses 1'!$B:$B,$U$8) -> 4 | W29: =sumifs('Form Responses 1'!J:J,'Form Responses 1'!E:E,F29,'Form Responses 1'!$B:$B,$U$8) -> 3 | X29: =sumifs('Form Responses 1'!P:P,'Form Responses 1'!E:E,F29,'Form Responses 1'!$B:$B,$U$8) -> 5
A30: 1 | B30: 19 | C30: Solo | D30: UNS | E30: {=xlookup(F30,'Form Responses 1'!E:E,'Form Responses 1'!F:F,"")} -> AGUDIA Cell | F30: Ika Prawitasari | G30: TRUE | H30: 46195 | I30: =TODAY()-H30 -> 17 | J30: 600 | K30: =sumifs('Form Responses 1'!H:H,'Form Responses 1'!E:E,F30) -> 276 | L30: =K30/J30 -> 0.46 | M30: 200 | N30: =sumifs('Form Responses 1'!K:K,'Form Responses 1'!E:E,F30) -> 13 | O30: =N30/M30 -> 0.065 | P30: 100 | Q30: =sumifs('Form Responses 1'!J:J,'Form Responses 1'!E:E,F30) -> 47 | R30: =Q30/P30 -> 0.47 | S30: =sumifs('Form Responses 1'!P:P,'Form Responses 1'!E:E,F30) -> 53 | U30: =sumifs('Form Responses 1'!H:H,'Form Responses 1'!E:E,F30,'Form Responses 1'!$B:$B,$U$8) -> 0 | V30: =sumifs('Form Responses 1'!K:K,'Form Responses 1'!E:E,F30,'Form Responses 1'!$B:$B,$U$8) -> 0 | W30: =sumifs('Form Responses 1'!J:J,'Form Responses 1'!E:E,F30,'Form Responses 1'!$B:$B,$U$8) -> 0 | X30: =sumifs('Form Responses 1'!P:P,'Form Responses 1'!E:E,F30,'Form Responses 1'!$B:$B,$U$8) -> 0
A31: 2 | B31: 20 | C31: Solo | D31: UMS | E31: {=xlookup(F31,'Form Responses 1'!E:E,'Form Responses 1'!F:F,"")} -> Abiyu cell | F31: Rizky pratama dewi | G31: TRUE | H31: 46195 | I31: =TODAY()-H31 -> 17 | J31: 600 | K31: =sumifs('Form Responses 1'!H:H,'Form Responses 1'!E:E,F31) -> 129 | L31: =K31/J31 -> 0.215 | M31: 200 | N31: =sumifs('Form Responses 1'!K:K,'Form Responses 1'!E:E,F31) -> 7 | O31: =N31/M31 -> 0.035 | P31: 100 | Q31: =sumifs('Form Responses 1'!J:J,'Form Responses 1'!E:E,F31) -> 33 | R31: =Q31/P31 -> 0.33 | S31: =sumifs('Form Responses 1'!P:P,'Form Responses 1'!E:E,F31) -> 43 | U31: =sumifs('Form Responses 1'!H:H,'Form Responses 1'!E:E,F31,'Form Responses 1'!$B:$B,$U$8) -> 0 | V31: =sumifs('Form Responses 1'!K:K,'Form Responses 1'!E:E,F31,'Form Responses 1'!$B:$B,$U$8) -> 0 | W31: =sumifs('Form Responses 1'!J:J,'Form Responses 1'!E:E,F31,'Form Responses 1'!$B:$B,$U$8) -> 0 | X31: =sumifs('Form Responses 1'!P:P,'Form Responses 1'!E:E,F31,'Form Responses 1'!$B:$B,$U$8) -> 0
A32: 3 | B32: 21 | C32: Solo | D32: UTP & AUB | E32: {=xlookup(F32,'Form Responses 1'!E:E,'Form Responses 1'!F:F,"")} -> mox cell | F32: Eva diana | G32: TRUE | H32: 46195 | I32: =TODAY()-H32 -> 17 | J32: 600 | K32: =sumifs('Form Responses 1'!H:H,'Form Responses 1'!E:E,F32) -> 155 | L32: =K32/J32 -> 0.25833333 | M32: 200 | N32: =sumifs('Form Responses 1'!K:K,'Form Responses 1'!E:E,F32) -> 45 | O32: =N32/M32 -> 0.225 | P32: 100 | Q32: =sumifs('Form Responses 1'!J:J,'Form Responses 1'!E:E,F32) -> 16 | R32: =Q32/P32 -> 0.16 | S32: =sumifs('Form Responses 1'!P:P,'Form Responses 1'!E:E,F32) -> 97 | U32: =sumifs('Form Responses 1'!H:H,'Form Responses 1'!E:E,F32,'Form Responses 1'!$B:$B,$U$8) -> 0 | V32: =sumifs('Form Responses 1'!K:K,'Form Responses 1'!E:E,F32,'Form Responses 1'!$B:$B,$U$8) -> 0 | W32: =sumifs('Form Responses 1'!J:J,'Form Responses 1'!E:E,F32,'Form Responses 1'!$B:$B,$U$8) -> 0 | X32: =sumifs('Form Responses 1'!P:P,'Form Responses 1'!E:E,F32,'Form Responses 1'!$B:$B,$U$8) -> 0
A33: 4 | B33: 22 | C33: Solo | D33: UIN RM Said | E33: {=xlookup(F33,'Form Responses 1'!E:E,'Form Responses 1'!F:F,"")} | F33: Nur Eka Junianti Harahap | G33: TRUE | H33: 46195 | I33: =TODAY()-H33 -> 17 | J33: 600 | K33: =sumifs('Form Responses 1'!H:H,'Form Responses 1'!E:E,F33) -> 0 | L33: =K33/J33 -> 0 | M33: 200 | N33: =sumifs('Form Responses 1'!K:K,'Form Responses 1'!E:E,F33) -> 0 | O33: =N33/M33 -> 0 | P33: 100 | Q33: =sumifs('Form Responses 1'!J:J,'Form Responses 1'!E:E,F33) -> 0 | R33: =Q33/P33 -> 0 | S33: =sumifs('Form Responses 1'!P:P,'Form Responses 1'!E:E,F33) -> 0 | U33: =sumifs('Form Responses 1'!H:H,'Form Responses 1'!E:E,F33,'Form Responses 1'!$B:$B,$U$8) -> 0 | V33: =sumifs('Form Responses 1'!K:K,'Form Responses 1'!E:E,F33,'Form Responses 1'!$B:$B,$U$8) -> 0 | W33: =sumifs('Form Responses 1'!J:J,'Form Responses 1'!E:E,F33,'Form Responses 1'!$B:$B,$U$8) -> 0 | X33: =sumifs('Form Responses 1'!P:P,'Form Responses 1'!E:E,F33,'Form Responses 1'!$B:$B,$U$8) -> 0
B34: 23 | C34: Solo | E34: {=xlookup(F34,'Form Responses 1'!E:E,'Form Responses 1'!F:F,"")} -> Semesta Cell | F34: Keiky Junieta | G34: TRUE | H34: 46209 | I34: =TODAY()-H34 -> 3 | J34: 600 | K34: =sumifs('Form Responses 1'!H:H,'Form Responses 1'!E:E,F34) -> 62 | L34: =K34/J34 -> 0.10333333 | M34: 200 | N34: =sumifs('Form Responses 1'!K:K,'Form Responses 1'!E:E,F34) -> 4 | O34: =N34/M34 -> 0.02 | P34: 100 | Q34: =sumifs('Form Responses 1'!J:J,'Form Responses 1'!E:E,F34) -> 2 | R34: =Q34/P34 -> 0.02 | S34: =sumifs('Form Responses 1'!P:P,'Form Responses 1'!E:E,F34) -> 58 | U34: =sumifs('Form Responses 1'!H:H,'Form Responses 1'!E:E,F34,'Form Responses 1'!$B:$B,$U$8) -> 23 | V34: =sumifs('Form Responses 1'!K:K,'Form Responses 1'!E:E,F34,'Form Responses 1'!$B:$B,$U$8) -> 3 | W34: =sumifs('Form Responses 1'!J:J,'Form Responses 1'!E:E,F34,'Form Responses 1'!$B:$B,$U$8) -> 2 | X34: =sumifs('Form Responses 1'!P:P,'Form Responses 1'!E:E,F34,'Form Responses 1'!$B:$B,$U$8) -> 19
A35: 1 | B35: 24 | C35: Sleman | D35: UIN | E35: {=xlookup(F35,'Form Responses 1'!E:E,'Form Responses 1'!F:F,"")} -> GGS | F35: SYAHRUL HADI MAULANA | G35: TRUE | H35: 46198 | I35: =TODAY()-H35 -> 14 | J35: 600 | K35: =sumifs('Form Responses 1'!H:H,'Form Responses 1'!E:E,F35) -> 21 | L35: =K35/J35 -> 0.035 | M35: 200 | N35: =sumifs('Form Responses 1'!K:K,'Form Responses 1'!E:E,F35) -> 23 | O35: =N35/M35 -> 0.115 | P35: 100 | Q35: =sumifs('Form Responses 1'!J:J,'Form Responses 1'!E:E,F35) -> 84 | R35: =Q35/P35 -> 0.84 | S35: =sumifs('Form Responses 1'!P:P,'Form Responses 1'!E:E,F35) -> 17 | U35: =sumifs('Form Responses 1'!H:H,'Form Responses 1'!E:E,F35,'Form Responses 1'!$B:$B,$U$8) -> 0 | V35: =sumifs('Form Responses 1'!K:K,'Form Responses 1'!E:E,F35,'Form Responses 1'!$B:$B,$U$8) -> 0 | W35: =sumifs('Form Responses 1'!J:J,'Form Responses 1'!E:E,F35,'Form Responses 1'!$B:$B,$U$8) -> 0 | X35: =sumifs('Form Responses 1'!P:P,'Form Responses 1'!E:E,F35,'Form Responses 1'!$B:$B,$U$8) -> 0
A36: 2 | B36: 25 | C36: Sleman | D36: UII | E36: {=xlookup(F36,'Form Responses 1'!E:E,'Form Responses 1'!F:F,"")} | F36: Nila Mustika Sri | G36: FALSE | H36: 46199 | I36: =TODAY()-H36 -> 13 | J36: 600 | K36: =sumifs('Form Responses 1'!H:H,'Form Responses 1'!E:E,F36) -> 0 | L36: =K36/J36 -> 0 | M36: 200 | N36: =sumifs('Form Responses 1'!K:K,'Form Responses 1'!E:E,F36) -> 0 | O36: =N36/M36 -> 0 | P36: 100 | Q36: =sumifs('Form Responses 1'!J:J,'Form Responses 1'!E:E,F36) -> 0 | R36: =Q36/P36 -> 0 | S36: =sumifs('Form Responses 1'!P:P,'Form Responses 1'!E:E,F36) -> 0 | U36: =sumifs('Form Responses 1'!H:H,'Form Responses 1'!E:E,F36,'Form Responses 1'!$B:$B,$U$8) -> 0 | V36: =sumifs('Form Responses 1'!K:K,'Form Responses 1'!E:E,F36,'Form Responses 1'!$B:$B,$U$8) -> 0 | W36: =sumifs('Form Responses 1'!J:J,'Form Responses 1'!E:E,F36,'Form Responses 1'!$B:$B,$U$8) -> 0 | X36: =sumifs('Form Responses 1'!P:P,'Form Responses 1'!E:E,F36,'Form Responses 1'!$B:$B,$U$8) -> 0
A37: 3 | B37: 26 | C37: Sleman | E37: {=xlookup(F37,'Form Responses 1'!E:E,'Form Responses 1'!F:F,"")} -> Gowes card | F37: Ganis Ghaniyy Rohim | G37: FALSE | H37: 46198 | I37: =TODAY()-H37 -> 14 | J37: 600 | K37: =sumifs('Form Responses 1'!H:H,'Form Responses 1'!E:E,F37) -> 11 | L37: =K37/J37 -> 0.018333333 | M37: 200 | N37: =sumifs('Form Responses 1'!K:K,'Form Responses 1'!E:E,F37) -> 0 | O37: =N37/M37 -> 0 | P37: 100 | Q37: =sumifs('Form Responses 1'!J:J,'Form Responses 1'!E:E,F37) -> 1 | R37: =Q37/P37 -> 0.01 | S37: =sumifs('Form Responses 1'!P:P,'Form Responses 1'!E:E,F37) -> 1 | U37: =sumifs('Form Responses 1'!H:H,'Form Responses 1'!E:E,F37,'Form Responses 1'!$B:$B,$U$8) -> 0 | V37: =sumifs('Form Responses 1'!K:K,'Form Responses 1'!E:E,F37,'Form Responses 1'!$B:$B,$U$8) -> 0 | W37: =sumifs('Form Responses 1'!J:J,'Form Responses 1'!E:E,F37,'Form Responses 1'!$B:$B,$U$8) -> 0 | X37: =sumifs('Form Responses 1'!P:P,'Form Responses 1'!E:E,F37,'Form Responses 1'!$B:$B,$U$8) -> 0
B38: 27 | C38: Sleman | E38: {=xlookup(F38,'Form Responses 1'!E:E,'Form Responses 1'!F:F,"")} -> Lets go card | F38: Ika Isnaini | G38: TRUE | H38: 46207 | I38: =TODAY()-H38 -> 5 | J38: 600 | K38: =sumifs('Form Responses 1'!H:H,'Form Responses 1'!E:E,F38) -> 160 | L38: =K38/J38 -> 0.26666667 | M38: 200 | N38: =sumifs('Form Responses 1'!K:K,'Form Responses 1'!E:E,F38) -> 1 | O38: =N38/M38 -> 0.005 | P38: 100 | Q38: =sumifs('Form Responses 1'!J:J,'Form Responses 1'!E:E,F38) -> 0 | R38: =Q38/P38 -> 0 | S38: =sumifs('Form Responses 1'!P:P,'Form Responses 1'!E:E,F38) -> 0 | U38: =sumifs('Form Responses 1'!H:H,'Form Responses 1'!E:E,F38,'Form Responses 1'!$B:$B,$U$8) -> 20 | V38: =sumifs('Form Responses 1'!K:K,'Form Responses 1'!E:E,F38,'Form Responses 1'!$B:$B,$U$8) -> 1 | W38: =sumifs('Form Responses 1'!J:J,'Form Responses 1'!E:E,F38,'Form Responses 1'!$B:$B,$U$8) -> 0 | X38: =sumifs('Form Responses 1'!P:P,'Form Responses 1'!E:E,F38,'Form Responses 1'!$B:$B,$U$8) -> 0
A39: 4 | B39: 28 | C39: Sleman | E39: {=xlookup(F39,'Form Responses 1'!E:E,'Form Responses 1'!F:F,"")} -> Gowes Cell | F39: Erlis Krisnawati | G39: TRUE | H39: 46203 | I39: =TODAY()-H39 -> 9 | J39: 600 | K39: =sumifs('Form Responses 1'!H:H,'Form Responses 1'!E:E,F39) -> 146 | L39: =K39/J39 -> 0.24333333 | M39: 200 | N39: =sumifs('Form Responses 1'!K:K,'Form Responses 1'!E:E,F39) -> 11 | O39: =N39/M39 -> 0.055 | P39: 100 | Q39: =sumifs('Form Responses 1'!J:J,'Form Responses 1'!E:E,F39) -> 4 | R39: =Q39/P39 -> 0.04 | S39: =sumifs('Form Responses 1'!P:P,'Form Responses 1'!E:E,F39) -> 16 | U39: =sumifs('Form Responses 1'!H:H,'Form Responses 1'!E:E,F39,'Form Responses 1'!$B:$B,$U$8) -> 25 | V39: =sumifs('Form Responses 1'!K:K,'Form Responses 1'!E:E,F39,'Form Responses 1'!$B:$B,$U$8) -> 6 | W39: =sumifs('Form Responses 1'!J:J,'Form Responses 1'!E:E,F39,'Form Responses 1'!$B:$B,$U$8) -> 0 | X39: =sumifs('Form Responses 1'!P:P,'Form Responses 1'!E:E,F39,'Form Responses 1'!$B:$B,$U$8) -> 5
A40: 5 | B40: 29 | C40: Sleman | D40: UII | E40: {=xlookup(F40,'Form Responses 1'!E:E,'Form Responses 1'!F:F,"")} -> Giga data | F40: Viantrini | G40: TRUE | H40: 46207 | I40: =TODAY()-H40 -> 5 | J40: 600 | K40: =sumifs('Form Responses 1'!H:H,'Form Responses 1'!E:E,F40) -> 60 | L40: =K40/J40 -> 0.1 | M40: 200 | N40: =sumifs('Form Responses 1'!K:K,'Form Responses 1'!E:E,F40) -> 0 | O40: =N40/M40 -> 0 | P40: 100 | Q40: =sumifs('Form Responses 1'!J:J,'Form Responses 1'!E:E,F40) -> 1 | R40: =Q40/P40 -> 0.01 | S40: =sumifs('Form Responses 1'!P:P,'Form Responses 1'!E:E,F40) -> 1 | U40: =sumifs('Form Responses 1'!H:H,'Form Responses 1'!E:E,F40,'Form Responses 1'!$B:$B,$U$8) -> 0 | V40: =sumifs('Form Responses 1'!K:K,'Form Responses 1'!E:E,F40,'Form Responses 1'!$B:$B,$U$8) -> 0 | W40: =sumifs('Form Responses 1'!J:J,'Form Responses 1'!E:E,F40,'Form Responses 1'!$B:$B,$U$8) -> 0 | X40: =sumifs('Form Responses 1'!P:P,'Form Responses 1'!E:E,F40,'Form Responses 1'!$B:$B,$U$8) -> 0
B41: 30 | C41: Sleman | E41: {=xlookup(F41,'Form Responses 1'!E:E,'Form Responses 1'!F:F,"")} -> Go green | F41: Lia Kurniawaty | G41: TRUE | H41: 46207 | I41: =TODAY()-H41 -> 5 | J41: 600 | K41: =sumifs('Form Responses 1'!H:H,'Form Responses 1'!E:E,F41) -> 140 | L41: =K41/J41 -> 0.23333333 | M41: 200 | N41: =sumifs('Form Responses 1'!K:K,'Form Responses 1'!E:E,F41) -> 21 | O41: =N41/M41 -> 0.105 | P41: 100 | Q41: =sumifs('Form Responses 1'!J:J,'Form Responses 1'!E:E,F41) -> 3 | R41: =Q41/P41 -> 0.03 | S41: =sumifs('Form Responses 1'!P:P,'Form Responses 1'!E:E,F41) -> 68 | U41: =sumifs('Form Responses 1'!H:H,'Form Responses 1'!E:E,F41,'Form Responses 1'!$B:$B,$U$8) -> 0 | V41: =sumifs('Form Responses 1'!K:K,'Form Responses 1'!E:E,F41,'Form Responses 1'!$B:$B,$U$8) -> 0 | W41: =sumifs('Form Responses 1'!J:J,'Form Responses 1'!E:E,F41,'Form Responses 1'!$B:$B,$U$8) -> 0 | X41: =sumifs('Form Responses 1'!P:P,'Form Responses 1'!E:E,F41,'Form Responses 1'!$B:$B,$U$8) -> 0
B42: 31 | C42: Purwokerto | F42: Aufa Amaliatun | G42: FALSE | H42: INTERVIEW HARI INI | J42: 600 | K42: =sumifs('Form Responses 1'!H:H,'Form Responses 1'!E:E,F42) -> 0 | L42: =K42/J42 -> 0 | M42: 200 | N42: =sumifs('Form Responses 1'!K:K,'Form Responses 1'!E:E,F42) -> 0 | O42: =N42/M42 -> 0 | P42: 100 | Q42: =sumifs('Form Responses 1'!J:J,'Form Responses 1'!E:E,F42) -> 0 | R42: =Q42/P42 -> 0 | S42: =sumifs('Form Responses 1'!P:P,'Form Responses 1'!E:E,F42) -> 0 | U42: =sumifs('Form Responses 1'!H:H,'Form Responses 1'!E:E,F42,'Form Responses 1'!$B:$B,$U$8) -> 0 | V42: =sumifs('Form Responses 1'!K:K,'Form Responses 1'!E:E,F42,'Form Responses 1'!$B:$B,$U$8) -> 0 | W42: =sumifs('Form Responses 1'!J:J,'Form Responses 1'!E:E,F42,'Form Responses 1'!$B:$B,$U$8) -> 0 | X42: =sumifs('Form Responses 1'!P:P,'Form Responses 1'!E:E,F42,'Form Responses 1'!$B:$B,$U$8) -> 0
F43: =COUNTA(F12:F41) -> 30

Sheet Summary EJ
D2: RGE | E2: AREA PENEMPATAN | F2: JUMLAH PROMOTOR | G2: Edukasi Total | H2: rebuy Total | I2: Akuisisi Total
D3: Melody | E3: Surabaya | F3: =Countifs($B$9:$B$26,E3,$D$9:$D$26,"true") -> 8 | G3: =SUMifs(F9:F26,B9:B26,E3,D9:D26,"true") -> 224 | H3: =SUMifs($G$9:$G$26,$B$9:$B$26,E3,$D$9:$D$26,"true") -> 75 | I3: =SUMifs($H$9:$H$26,$B$9:$B$26,E3,$D$9:$D$26,"true") -> 84
D4: Fendi | E4: Malang | F4: =Countifs($B$9:$B$26,E4,$D$9:$D$26,"true") -> 5 | G4: =SUMifs(F10:F27,B10:B27,E4,D10:D27,"true") -> 234 | H4: =SUMifs($G$9:$G$26,$B$9:$B$26,E4,$D$9:$D$26,"true") -> 29 | I4: =SUMifs($H$9:$H$26,$B$9:$B$26,E4,$D$9:$D$26,"true") -> 48
D5: Rizal | E5: Jember | F5: =Countifs($B$9:$B$26,E5,$D$9:$D$26,"true") -> 5 | G5: =SUMifs(F11:F28,B11:B28,E5,D11:D28,"true") -> 577 | H5: =SUMifs($G$9:$G$26,$B$9:$B$26,E5,$D$9:$D$26,"true") -> 45 | I5: =SUMifs($H$9:$H$26,$B$9:$B$26,E5,$D$9:$D$26,"true") -> 28
D6: Promotor | F6: =sum(F3:F5) -> 18 | G6: =sum(G3:G5) -> 1035 | H6: =sum(H3:H5) -> 149 | I6: =sum(I3:I5) -> 160
A8: No | B8: BRANCH | C8: NAMA PROMOTOR | D8: STATUS ONBOARD | E8: TANGGAL MASUK ONBOARD | F8: EDUKASI | G8: REBUY | H8: AKUISISI | I8: GEMINI CLAIM
A9: 1 | B9: Surabaya | C9: Fira Daniarsa putri | D9: TRUE | E9: 46197 | F9: =sumifs('Form Responses 1'!H:H,'Form Responses 1'!E:E,C9) -> 142 | G9: =sumifs('Form Responses 1'!K:K,'Form Responses 1'!E:E,C9) -> 36 | H9: =sumifs('Form Responses 1'!J:J,'Form Responses 1'!E:E,C9) -> 70 | I9: =sumifs('Form Responses 1'!P:P,'Form Responses 1'!E:E,C9) -> 86
A10: 2 | B10: Surabaya | C10: Vina Lailatul | D10: TRUE | E10: 46196 | F10: =sumifs('Form Responses 1'!H:H,'Form Responses 1'!E:E,C10) -> 0 | G10: =sumifs('Form Responses 1'!K:K,'Form Responses 1'!E:E,C10) -> 0 | H10: =sumifs('Form Responses 1'!J:J,'Form Responses 1'!E:E,C10) -> 0 | I10: =sumifs('Form Responses 1'!P:P,'Form Responses 1'!E:E,C10) -> 0
A11: 3 | B11: Surabaya | C11: Aditya Pratama | D11: TRUE | E11: 46204 | F11: =sumifs('Form Responses 1'!H:H,'Form Responses 1'!E:E,C11) -> 0 | G11: =sumifs('Form Responses 1'!K:K,'Form Responses 1'!E:E,C11) -> 0 | H11: =sumifs('Form Responses 1'!J:J,'Form Responses 1'!E:E,C11) -> 0 | I11: =sumifs('Form Responses 1'!P:P,'Form Responses 1'!E:E,C11) -> 0
A12: 4 | B12: Surabaya | C12: Chestya Sayyidina | D12: TRUE | E12: 46204 | F12: =sumifs('Form Responses 1'!H:H,'Form Responses 1'!E:E,C12) -> 0 | G12: =sumifs('Form Responses 1'!K:K,'Form Responses 1'!E:E,C12) -> 0 | H12: =sumifs('Form Responses 1'!J:J,'Form Responses 1'!E:E,C12) -> 0 | I12: =sumifs('Form Responses 1'!P:P,'Form Responses 1'!E:E,C12) -> 0
A13: 5 | B13: Surabaya | C13: Dimas Faizal | D13: TRUE | E13: 46204 | F13: =sumifs('Form Responses 1'!H:H,'Form Responses 1'!E:E,C13) -> 0 | G13: =sumifs('Form Responses 1'!K:K,'Form Responses 1'!E:E,C13) -> 0 | H13: =sumifs('Form Responses 1'!J:J,'Form Responses 1'!E:E,C13) -> 0 | I13: =sumifs('Form Responses 1'!P:P,'Form Responses 1'!E:E,C13) -> 0
A14: 6 | B14: Surabaya | C14: M Raffi | D14: TRUE | E14: 46204 | F14: =sumifs('Form Responses 1'!H:H,'Form Responses 1'!E:E,C14) -> 0 | G14: =sumifs('Form Responses 1'!K:K,'Form Responses 1'!E:E,C14) -> 0 | H14: =sumifs('Form Responses 1'!J:J,'Form Responses 1'!E:E,C14) -> 0 | I14: =sumifs('Form Responses 1'!P:P,'Form Responses 1'!E:E,C14) -> 0
A15: 7 | B15: Surabaya | C15: Endah Widowati | D15: TRUE | E15: 46204 | F15: =sumifs('Form Responses 1'!H:H,'Form Responses 1'!E:E,C15) -> 82 | G15: =sumifs('Form Responses 1'!K:K,'Form Responses 1'!E:E,C15) -> 39 | H15: =sumifs('Form Responses 1'!J:J,'Form Responses 1'!E:E,C15) -> 14 | I15: =sumifs('Form Responses 1'!P:P,'Form Responses 1'!E:E,C15) -> 41
A16: 8 | B16: Surabaya | C16: Emillia Margaretha | D16: TRUE | E16: 46205 | F16: =sumifs('Form Responses 1'!H:H,'Form Responses 1'!E:E,C16) -> 0 | G16: =sumifs('Form Responses 1'!K:K,'Form Responses 1'!E:E,C16) -> 0 | H16: =sumifs('Form Responses 1'!J:J,'Form Responses 1'!E:E,C16) -> 0 | I16: =sumifs('Form Responses 1'!P:P,'Form Responses 1'!E:E,C16) -> 0
A17: 1 | B17: Malang | C17: Fandi ahmad | D17: TRUE | E17: 46195 | F17: =sumifs('Form Responses 1'!H:H,'Form Responses 1'!E:E,C17) -> 234 | G17: =sumifs('Form Responses 1'!K:K,'Form Responses 1'!E:E,C17) -> 29 | H17: =sumifs('Form Responses 1'!J:J,'Form Responses 1'!E:E,C17) -> 48 | I17: =sumifs('Form Responses 1'!P:P,'Form Responses 1'!E:E,C17) -> 73
A18: 2 | B18: Malang | C18: Destya Kamila | D18: TRUE | E18: 46203 | F18: =sumifs('Form Responses 1'!H:H,'Form Responses 1'!E:E,C18) -> 0 | G18: =sumifs('Form Responses 1'!K:K,'Form Responses 1'!E:E,C18) -> 0 | H18: =sumifs('Form Responses 1'!J:J,'Form Responses 1'!E:E,C18) -> 0 | I18: =sumifs('Form Responses 1'!P:P,'Form Responses 1'!E:E,C18) -> 0
A19: 3 | B19: Malang | C19: Aulia Farah | D19: TRUE | E19: 46203 | F19: =sumifs('Form Responses 1'!H:H,'Form Responses 1'!E:E,C19) -> 0 | G19: =sumifs('Form Responses 1'!K:K,'Form Responses 1'!E:E,C19) -> 0 | H19: =sumifs('Form Responses 1'!J:J,'Form Responses 1'!E:E,C19) -> 0 | I19: =sumifs('Form Responses 1'!P:P,'Form Responses 1'!E:E,C19) -> 0
A20: 4 | B20: Malang | C20: M Rheiza Prasanjaya | D20: TRUE | E20: 46203 | F20: =sumifs('Form Responses 1'!H:H,'Form Responses 1'!E:E,C20) -> 0 | G20: =sumifs('Form Responses 1'!K:K,'Form Responses 1'!E:E,C20) -> 0 | H20: =sumifs('Form Responses 1'!J:J,'Form Responses 1'!E:E,C20) -> 0 | I20: =sumifs('Form Responses 1'!P:P,'Form Responses 1'!E:E,C20) -> 0
... A26: 5 | B26: Jember | C26: Tiara Putri Ramadhani | D26: TRUE | E26: 46202 | F26: =sumifs('Form Responses 1'!H:H,'Form Responses 1'!E:E,C26) -> 148 | G26: =sumifs('Form Responses 1'!K:K,'Form Responses 1'!E:E,C26) -> 15 | H26: =sumifs('Form Responses 1'!J:J,'Form Responses 1'!E:E,C26) -> 9 | I26: =sumifs('Form Responses 1'!P:P,'Form Responses 1'!E:E,C26) -> 55
B27: TOTAL | C27: 18 promotor | F27: =SUM(F9:F26) -> 1035 | G27: =SUM(G9:G26) -> 149 | H27: =SUM(H9:H26) -> 160 | I27: =SUM(I9:I26) -> 350

Sheet Summary BN
C2: RGE | D2: AREA PENEMPATAN | E2: JUMLAH PROMOTOR | F2: EDUKASI TOTAL | G2: REBUY TOTAL | H2: AKUISISI TOTAL
C3: Maria | D3: Denpasar | E3: =Countifs(B11:B20,D3,F11:F20,"true") -> 4 | F3: =SUMifs(G11:G20,B11:B20,D3,F11:F20,"true") -> 0 | G3: =SUMifs(H11:H20,B11:B20,D3,F11:F20,"true") -> 0 | H3: =SUMifs($I$11:$I$20,$I$11:$I$20,$D$3,$F$11:$F$20,"true") -> 0
C4: Dewa | D4: Gianyar | E4: =Countifs(B11:B20,D4,F11:F20,"true") -> 1 | F4: =SUMifs(G11:G20,B11:B20,D4,F11:F20,"true") -> 4 | G4: =SUMifs(H11:H20,B11:B20,D4,F11:F20,"true") -> 2 | H4: =SUMifs($I$11:$I$20,$I$11:$I$20,$D$3,$F$11:$F$20,"true") -> 0
C5: Diswan | D5: Badung | E5: =Countifs(B11:B20,$D5,F11:F20,"true") -> 0 | F5: =SUMifs(G11:G20,B11:B20,D5,F11:F20,"true") -> 0 | G5: =SUMifs(H11:H20,B11:B20,D5,F11:F20,"true") -> 0 | H5: =SUMifs($I$11:$I$20,$I$11:$I$20,$D$3,$F$11:$F$20,"true") -> 0
C6: Afan | D6: Singaraja | E6: =Countifs(B11:B20,$D6,F11:F20,"true") -> 2 | F6: =SUMifs(G11:G20,B11:B20,D6,F11:F20,"true") -> 0 | G6: =SUMifs(H11:H20,B11:B20,D6,F11:F20,"true") -> 0 | H6: =SUMifs($I$11:$I$20,$I$11:$I$20,$D$3,$F$11:$F$20,"true") -> 0
C7: Promotor | E7: =SUM(E3:E6) -> 7 | F7: =SUM(F3:F6) -> 4 | G7: =SUM(G3:G6) -> 2 | H7: =SUM(H3:H6) -> 0
A10: BRANCH | B10: AREA | C10: NAMA PROMOTOR | D10: Area Penempatan | E10: TANGGAL MASUK ONBOARD | F10: STATUS ONBOARD | G10: EDUKASI | H10: REBUY | I10: AKUISISI | J10: GEMINI CLAIM
A11: BALI BARAT | B11: BADUNG | C11: TBC | D11: BADUNG | E11: Tbc | F11: FALSE | G11: =sumifs('Form Responses 1'!H:H,'Form Responses 1'!E:E,C11) -> 0 | H11: =sumifs('Form Responses 1'!K:K,'Form Responses 1'!E:E,C11) -> 0 | I11: =sumifs('Form Responses 1'!J:J,'Form Responses 1'!G:G,C11) -> 0 | J11: =sumifs('Form Responses 1'!Q:Q,'Form Responses 1'!F:F,C11) -> 0
A12: BALI BARAT | B12: BADUNG | C12: TBC | D12: BADUNG | E12: Tbc | F12: FALSE | G12: =sumifs('Form Responses 1'!H:H,'Form Responses 1'!E:E,C12) -> 0 | H12: =sumifs('Form Responses 1'!K:K,'Form Responses 1'!E:E,C12) -> 0 | I12: =sumifs('Form Responses 1'!J:J,'Form Responses 1'!G:G,C12) -> 0 | J12: =sumifs('Form Responses 1'!Q:Q,'Form Responses 1'!F:F,C12) -> 0
A13: BALI BARAT | B13: SINGARAJA | C13: LUBNA INTAN | D13: SINGARAJA | E13: 1 Juli | F13: TRUE | G13: =sumifs('Form Responses 1'!H:H,'Form Responses 1'!E:E,C13) -> 0 | H13: =sumifs('Form Responses 1'!K:K,'Form Responses 1'!E:E,C13) -> 0 | I13: =sumifs('Form Responses 1'!J:J,'Form Responses 1'!G:G,C13) -> 0 | J13: =sumifs('Form Responses 1'!Q:Q,'Form Responses 1'!F:F,C13) -> 0
A14: BALI BARAT | B14: SINGARAJA | C14: MADE SUPARNI | D14: SINGARAJA | E14: 1 Juli | F14: TRUE | G14: =sumifs('Form Responses 1'!H:H,'Form Responses 1'!E:E,C14) -> 0 | H14: =sumifs('Form Responses 1'!K:K,'Form Responses 1'!E:E,C14) -> 0 | I14: =sumifs('Form Responses 1'!J:J,'Form Responses 1'!G:G,C14) -> 0 | J14: =sumifs('Form Responses 1'!Q:Q,'Form Responses 1'!F:F,C14) -> 0
A15: BALI TIMUR | B15: DENPASAR | C15: Ryan shobwatur Rizal | D15: DENPASAR | E15: 46203 | F15: TRUE | G15: =sumifs('Form Responses 1'!H:H,'Form Responses 1'!E:E,C15) -> 0 | H15: =sumifs('Form Responses 1'!K:K,'Form Responses 1'!E:E,C15) -> 0 | I15: =sumifs('Form Responses 1'!J:J,'Form Responses 1'!G:G,C15) -> 0 | J15: =sumifs('Form Responses 1'!Q:Q,'Form Responses 1'!F:F,C15) -> 0
A16: BALI TIMUR | B16: DENPASAR | C16: NAZWA LAILI | D16: DENPASAR | E16: 46204 | F16: TRUE | G16: =sumifs('Form Responses 1'!H:H,'Form Responses 1'!E:E,C16) -> 0 | H16: =sumifs('Form Responses 1'!K:K,'Form Responses 1'!E:E,C16) -> 0 | I16: =sumifs('Form Responses 1'!J:J,'Form Responses 1'!G:G,C16) -> 0 | J16: =sumifs('Form Responses 1'!Q:Q,'Form Responses 1'!F:F,C16) -> 0
A17: BALI TIMUR | B17: DENPASAR | C17: JEDITHIO | D17: DENPASAR | E17: 46204 | F17: TRUE | G17: =sumifs('Form Responses 1'!H:H,'Form Responses 1'!E:E,C17) -> 0 | H17: =sumifs('Form Responses 1'!K:K,'Form Responses 1'!E:E,C17) -> 0 | I17: =sumifs('Form Responses 1'!J:J,'Form Responses 1'!G:G,C17) -> 0 | J17: =sumifs('Form Responses 1'!Q:Q,'Form Responses 1'!F:F,C17) -> 0
A18: BALI TIMUR | B18: DENPASAR | C18: DITA WAHYU ANJANI | D18: DENPASAR | E18: 46204 | F18: TRUE | G18: =sumifs('Form Responses 1'!H:H,'Form Responses 1'!E:E,C18) -> 0 | H18: =sumifs('Form Responses 1'!K:K,'Form Responses 1'!E:E,C18) -> 0 | I18: =sumifs('Form Responses 1'!J:J,'Form Responses 1'!G:G,C18) -> 0 | J18: =sumifs('Form Responses 1'!Q:Q,'Form Responses 1'!F:F,C18) -> 0
A19: BALI TIMUR | B19: GIANYAR | C19: Ni Kadek Novik Resya Putri | D19: GIANYAR | E19: 46203 | F19: TRUE | G19: =sumifs('Form Responses 1'!H:H,'Form Responses 1'!E:E,C19) -> 4 | H19: =sumifs('Form Responses 1'!K:K,'Form Responses 1'!E:E,C19) -> 2 | I19: =sumifs('Form Responses 1'!J:J,'Form Responses 1'!G:G,C19) -> 0 | J19: =sumifs('Form Responses 1'!Q:Q,'Form Responses 1'!F:F,C19) -> 0
A20: BALI TIMUR | B20: GIANYAR | C20: TBC | D20: GIANYAR | E20: Tbc | F20: FALSE | G20: =sumifs('Form Responses 1'!H:H,'Form Responses 1'!E:E,C20) -> 0 | H20: =sumifs('Form Responses 1'!K:K,'Form Responses 1'!E:E,C20) -> 0 | I20: =sumifs('Form Responses 1'!J:J,'Form Responses 1'!G:G,C20) -> 0 | J20: =sumifs('Form Responses 1'!Q:Q,'Form Responses 1'!F:F,C20) -> 0
A21: TOTAL | B21: TOTAL | C21: 10 promotor | G21: =SUM(G11:G20) -> 4 | H21: =SUM(H11:H20) -> 2 | I21: =SUM(I11:I20) -> 0 | J21: =sumifs('Form Responses 1'!Q:Q,'Form Responses 1'!F:F,C21) -> 0
C36: NUR EKA JUNIANTI HARAHAP | F36: SOLO | G36: 29/06/26
C37: EVA DIANA SARI | F37: SOLO | G37: 29/06/26
C38: NATALIA RIZKI ARIA WIJAYA | F38: JOGJA | G38: 27/06/26
C39: NIA FEBRIYANTI | F39: JOGJA | G39: 22/06/26
C40: VIAN ERVIANA REILYANI | F40: JOGJA | G40: 22/06/26
C41: SUGIYANTI | F41: JOGJA | G41: 29/06/26
C42: REBEKA TIARA BUSONO | F42: JOGJA | G42: 46029

Sheet Form Response 2 Copy
A1: Timestamp | B1: Hari & Tanggal | C1: Region | D1: Area Penempatan | E1: Nama Promotor | F1: Nama Outlet | G1: Upload Foto Kehadiran dengan Time Stamp (untuk Bukti Kehadiran) | H1: Jumlah edukasi - isi dengan angka. Cth: 2 (Target 30 hari: 600 edukasi Gemini) | I1: Bukti Foto Edukasi | J1: Jumlah penjualan Kartu Perdana - isi dengan angka. Cth: 2 (Target 30 hari: 100 Kartu Perdana terjual) | K1: Jumlah penjualan Paket Isi Ulang - isi dengan angka. Cth: 2 (Target 30 hari: 200 Paket Isi Ulang terjual) | L1: Bukti Foto Penjualan | M1: List No. HP yang terjual | N1: List No. HP yang melakukan isi ulang | O1: Upload Foto Kepulangan dengan Time Stamp (untuk Bukti Kepulangan) | P1: Jumlah aktivasi Gemini dari orang yang diedukasi
A2: 46204.75 | B2: 46204 | C2: Central Java (Jateng) | D2: Yogyakarta | E2: Rebeka tiara busono | F2: Kampus uin kalijaga yogyakarta | G2: https://drive.google.com/open?id=1qrUB4FZV--RaWqHMdvQIbfObLVSYEf5w | H2: 25 | J2: 2 | K2: 2 | L2: https://drive.google.com/open?id=1oIOUzU-6syELylsqkEmcThJ9uVPW2xQr | M2: 085712158277 | N2: 085712158496 | O2: https://drive.google.com/open?id=17SIi5Jp5UzgzD4hYTb8y7lAa6YrE5RKb | P2: 2
A3: 46204.795 | B3: 46204 | C3: Central Java (Jateng) | D3: Yogyakarta | E3: Erlis Krisnawati | F3: Gowes Cell | G3: https://drive.google.com/open?id=1Lz0ZEajq5LPWE7tMfeJzCBk7xs9kkW03 | H3: 20 | J3: - | K3: 1 | L3: https://drive.google.com/open?id=1mEoVkjUpUGm7AXRtQjlbhm0vp4uzpwPS | M3: - | N3: - | O3: https://drive.google.com/open?id=1ojvsgi8v8FL6zucM-t7IHDorSrkyM3eQ | P3: 2
A4: 46204.825 | B4: 46204 | C4: Central Java (Jateng) | D4: Yogyakarta | E4: Dina Anita Veronica | F4: UMY | G4: https://drive.google.com/open?id=1W-ejAyWKgUzZAZ-VMskbWyCUFJsFOQTr | H4: 15 | J4: 0 | K4: 0 | L4: https://drive.google.com/open?id=1eGGDPXpLfXnwWmMCQtzRB_NOs9SeUBZ- | M4: 0 | N4: 0 | O4: https://drive.google.com/open?id=1f_SVntkSwYGcSbkXyLkfu3ZNoxQo1wpM | P4: 0
A5: 46204.838 | B5: 46204 | C5: Central Java (Jateng) | D5: Sleman | E5: Via | F5: Mobile | G5: https://drive.google.com/open?id=1HYU4jKq6GZgLG650gvFxpqoPHkmas3Jg | H5: 20 | J5: 1 | K5: 0 | L5: https://drive.google.com/open?id=1-ThJLVrEd83eeDgCXfPuR3PG9LAUiN_C | M5: 085700543099 | N5: 0 | O5: https://drive.google.com/open?id=1hxjiffuH_B-JxCEheIrsg2vcBk71jVL8 | P5: 1
A6: 46204.842 | B6: 46204 | C6: Central Java (Jateng) | D6: Sleman | E6: Ika adhelia | F6: Mobile | G6: https://drive.google.com/open?id=1eKJuZoCCUGWZhR3XeZ3_Zz6irSQHPgBe | H6: 20 | J6: 0 | K6: 0 | M6: 0 | N6: 0 | O6: https://drive.google.com/open?id=1f1hmUaqNFKKnWC23VMXNQWHjKvYm1-Z- | P6: 0
A7: 46204.866 | B7: 46233 | C7: Central Java (Jateng) | D7: Yogyakarta | E7: Nia febriyanti | F7: ska cell | G7: https://drive.google.com/open?id=10ilJCoPwnOkzi5I3oYzh32-1AgKNpuzc | H7: 21 | J7: 4 | K7: 0 | L7: https://drive.google.com/open?id=1734qkASzAXnmBnVw5QwEgNPnbqAXgrle | M7: 085738039362, 085738047670, 085738047673, 085738047668 | N7: 0 | O7: https://drive.google.com/open?id=1yf7_uhy5YlvL_PBJ_DFwc2O2aFaEAszm | P7: 4
A8: 46204.868 | B8: 46204 | C8: Central Java (Jateng) | D8: Semarang | E8: Ika | F8: SPY cell | G8: https://drive.google.com/open?id=1tuvzV-7rglTeUEvf5-J1OjiRRC22Ze4q | H8: 10 | J8: 3 | K8: 8 | L8: https://drive.google.com/open?id=1T01dB_Qa6_K4fAkRnhp7OxCaWKQYQ_y5 | M8: 085842015812/085842015815/085842015816 | N8: 085738663017/085640655161/08570105586/085759812312 | O8: https://drive.google.com/open?id=17o1q6Weg7MK-2RjfeUK0AgsNiHjyHewY | P8: 9
A9: 46204.874 | B9: 46204 | C9: Central Java (Jateng) | D9: Semarang | E9: Zazha Adelia Soetikno | F9: Putra mandiri cell | G9: https://drive.google.com/open?id=1yejxZXMvR-ctHsmynQMAKF1tQOjDiz0I | H9: 30 | J9: 3 | K9: 2 | L9: https://drive.google.com/open?id=1KnO7feiU2JIqalE80SBl96dA7lt7kRbX | M9: 8.5812428e+34 | N9: 8.1575028e+22 | O9: https://drive.google.com/open?id=1Ook2ja2dWudFMGMprxEJL7mBe_uxbJ5K | P9: 17
A10: 46204.884 | B10: 46204 | C10: Central Java (Jateng) | D10: Semarang | E10: M Mikail Azka (Kaka) | F10: Amos Cell | G10: https://drive.google.com/open?id=19McwleiiPtHKEmF_u1Rp-sCdskRiS_Tt | H10: 16 | J10: 1 | K10: 3 | L10: https://drive.google.com/open?id=1_axh8RdMSCe4MHIKmawedmfAEDmVT10I | M10: 085812428671 | N10: 085729818109,‪085842908467‬,‪085812383603‬ | O10: https://drive.google.com/open?id=1ThX6NakAj4HUCQEoXloyZGIIDhEE53Y8 | P10: 13
A11: 46204.886 | B11: 46204 | C11: Central Java (Jateng) | D11: Semarang | E11: Nurul Hidayah | F11: Graha Komunika | G11: https://drive.google.com/open?id=18r37CPr2Yel_3I9CpNslZbuka2EAIllz | H11: 15 | J11: 1 | K11: 7 | L11: https://drive.google.com/open?id=1qbccAb1fM95sgGRw_Th59baYdTWveasn | M11: 085815427847 | N11: 085640229659, 089504994548, 085700935481, 085640881919, 085642215597, 085712407016, 085700501175 | O11: https://drive.google.com/open?id=1DePGBUtgxK86JAM9M7XwKgpCdx7jTrg2 | P11: 10
A12: 46204.894 | B12: 46204 | C12: Central Java (Jateng) | D12: Solo | E12: Eva diana | F12: Mox cell | G12: https://drive.google.com/open?id=1lpIEL5KQJn-6cSgO-c_R5b2BkU1aWyfF | H12: 20 | J12: 1 | K12: 3 | L12: https://drive.google.com/open?id=1RyIrgLKTSH3LsSVqrFX72WDeuyNGSC4i | M12: 085726877756 | N12: 8.9662681e+35 | O12: https://drive.google.com/open?id=1ShXcCvFkOAsaP_zPLEjTSK_B1y1FBDqH | P12: 17
A13: 46204.902 | B13: 46204 | C13: Central Java (Jateng) | D13: Semarang | E13: Neha naura herwin | F13: Nafiri pom | G13: https://drive.google.com/open?id=1TdauXtm0wwPzqLnWA_So2NbsnwgCW33J | H13: 21 | J13: 1 | K13: 5 | L13: https://drive.google.com/open?id=1dWv_s9hWsTjKOIsU24MjgudG6riF0w_K | M13: 085643856478 | N13: 085603472060, 0895342284435, 089687572382, 085643856478, | O13: https://drive.google.com/open?id=1hX0fn0IoCFzmi9WGRYWyMouh94_kos_C | P13: 15
A14: 46204.918 | B14: 46204 | C14: Central Java (Jateng) | D14: Yogyakarta | E14: Sugiyanti | F14: Kampus ISI | G14: https://drive.google.com/open?id=1uQ32IWfpYeJGQNgTnboQ_YzIcrDI_hNn | H14: 28 | J14: 6 | K14: 0 | L14: https://drive.google.com/open?id=1JxBcdNq1biAP-d-IPJbleakRhfWyNz7n | M14: 085712159158, 085712159161, 085842036537, 085842036536 | N14: 0 | O14: https://drive.google.com/open?id=1235w2uLdrNrKHc_7uRsCNg4lQJo0pobe | P14: 6
A15: 46204.923 | B15: 46204 | C15: Central Java (Jateng) | D15: Semarang | E15: NOOR ROOFI JUNMANTINI | F15: Hibizz | G15: https://drive.google.com/open?id=1uY6Iu7Q6x8SQG_rxrlVca6Bzcu2c4t8Y | H15: 20 | J15: 5 | K15: 11 | L15: https://drive.google.com/open?id=1kJli75UXir3-lHrsjm3H7xtfBWAyGQbc | M15: 085741709397, 085741709395,085741709357,085741709358,085741709398 | N15: 8.5627737e+131 | O15: https://drive.google.com/open?id=19jc7aoGpS_q3IYFuXf-U0EVdlIgHnpEG | P15: 16
A16: 46204.958 | B16: 46204 | C16: Central Java (Jateng) | D16: Yogyakarta | E16: Natalia Rizki Aria Wijaya | F16: Kampus ISI | G16: https://drive.google.com/open?id=1Sa6YoJAMDIrjKLUMptEHCb6MWb5LKASo | H16: 15 | J16: 1 | K16: 0 | L16: https://drive.google.com/open?id=1fw_RBuTSP5dgCxouqoefolt5akOG72lh | M16: 085842036539 | N16: 0 | O16: https://drive.google.com/open?id=1p8NL12gvj_u9ruTtV4BjJut4_9s6szW- | P16: 5
A17: 46205.028 | B17: 46204 | C17: Central Java (Jateng) | D17: Solo | E17: Retha | F17: AGUDIA Cell | G17: https://drive.google.com/open?id=1IQnuiClbUTa80PEZMyhTxMhsyftfN1tb | H17: 13 | J17: 2 | K17: 1 | L17: https://drive.google.com/open?id=1Df56W6QbbgXFzELL9f9MDpRqp3yIHRwX | M17: 085743602938 - 085726877738 | N17: 085601230285 | O17: https://drive.google.com/open?id=1dEGkVSwBkZcU77noaaRj_SY79IRQA7rZ | P17: 2
A18: 46205.393 | B18: 46204 | C18: Central Java (Jateng) | D18: Solo | E18: Eka | F18: - | G18: https://drive.google.com/open?id=1NHwLXN7GbMNrUJJVy9-91HXCXJ1pbbpz | H18: 10 | J18: 2 | K18: 0 | L18: https://drive.google.com/open?id=1uDz2FE_7TnRQKrU9HIaQb9EkPKdbp94- | M18: 8.9570321e+24 | N18: 0 | O18: https://drive.google.com/open?id=1AqHQL2ECVhBNwO5BMy7DZ-I0Fgb3O2BE | P18: 10
A19: 46205.735 | B19: 46204 | C19: Central Java (Jateng) | D19: Yogyakarta | E19: Vian Erviana Reilyani | F19: Jogja card | G19: https://drive.google.com/open?id=1Y_uMm0MS8HCGEVpB2QlYrq_Ce7IaYHev | H19: 21 | J19: 4 | K19: 0 | L19: https://drive.google.com/open?id=1GFFgmEJ_sxG9rwRhZU5eP8B3-STsvVrp | M19: 085712158671 085738047649 085712158572 085738047661 | N19: 0 | O19: https://drive.google.com/open?id=12AWkoUAlYKvTcHV9J6NgYVZWrVY6dI18 | P19: 4
A20: 46205.738 | B20: 46205 | C20: Central Java (Jateng) | D20: Yogyakarta | E20: Vian Erviana Reilyani | F20: Jogja card | G20: https://drive.google.com/open?id=1fnoQHYpiTfsNrqlADadHNbc2-_TRQLHB | H20: 11 | J20: 4 | K20: 0 | L20: https://drive.google.com/open?id=1Yqj3vdLNrUCzoBTFh5TD_NR0v6DdyVbJ | M20: 085712158547 085738047698 085712158178 085712158113 | N20: 0 | O20: https://drive.google.com/open?id=1c4gm9wiKFgPWsQ9J9Lj27LJde0NgBo3b | P20: 4
A21: 46205.748 | B21: 46205 | C21: Central Java (Jateng) | D21: Semarang | E21: Septy maulida ( sely ) | F21: Semarang | G21: https://drive.google.com/open?id=11us9PlL_kyq6jhs-yekhOc4yAcSzM_8G | H21: 1 | J21: 0 | K21: 0 | M21: 0895623101378 | N21: 0 | O21: https://drive.google.com/open?id=163wpKzkwKIxrA7qyPKpl2602I6rBBamf | P21: 0
A22: 46205.752 | B22: 46205 | C22: Central Java (Jateng) | D22: Semarang | E22: Bagus Nurul Khamid | F22: Semarang selatan | G22: https://drive.google.com/open?id=1ptFOwcEdsuaE1u-5NPTnrCs41k4xrhBB | H22: 10 | J22: 1 | K22: 3 | L22: https://drive.google.com/open?id=1s5A23fhoQXag_Np41E0Sn_AmwtiAOI98 | M22: 0895622995017 | N22: 089602333258 089602338594 085725110191 | O22: https://drive.google.com/open?id=15VEFiXchewIvCDCmkfAjq1DdkdZhfUU2 | P22: 8
A23: 46205.762 | B23: 46205 | C23: Central Java (Jateng) | D23: Semarang | E23: Devi kumala novianti | F23: Semarang | G23: https://drive.google.com/open?id=1ufday6VpH6jJ70WIqK5up39BEXtzv0N8 | H23: 20 | J23: 0 | K23: 0 | L23: https://drive.google.com/open?id=1bo7oWrYt4tDw0ACDBFoV_VU1WncLS0HA | M23: 0 | N23: 0 | O23: https://drive.google.com/open?id=1ThoO1n--rtL3qr964FbUNA79XzaXbsaS | P23: 7
A24: 46205.767 | B24: 46205 | C24: Central Java (Jateng) | D24: Semarang | E24: Zazha adelia soetikno | F24: Putra mandiri cell | G24: https://drive.google.com/open?id=1mdPvcZoIrI7Xz0tz0P7onibFk5Fn47k- | H24: 35 | J24: 2 | K24: 0 | L24: https://drive.google.com/open?id=1Ba2kvmJlegrS1N1cbFdk1u8K7_8m2Mmv | M24: 085842015930, 6285801224329 | N24: 0 | O24: https://drive.google.com/open?id=1t5yS6ShG7RzxPMCzlPJ-Dl5cpmcXOIcE | P24: 15
A25: 46205.77 | B25: 46205 | C25: Central Java (Jateng) | D25: Semarang | E25: Ika | F25: SPY cell | G25: https://drive.google.com/open?id=11R4PNwv-irrEsEPYAqs5Eq34R6xv3IhM | H25: 12 | J25: 2 | K25: 2 | L25: https://drive.google.com/open?id=1j-QWnt6xItaqPUpQyyDHyvh--4-LrcYy | M25: 085842015986/085801224328 | N25: 085738663017/085640655161 | O25: https://drive.google.com/open?id=1ltj3GBUQmxRXH6OP0rHSnEDYw-_WW4yL | P25: 5
A26: 46205.8 | B26: 46205 | C26: Central Java (Jateng) | D26: Sleman | E26: Erlis Krisnawati | F26: Gowes cell | G26: https://drive.google.com/open?id=1cD9zV9wqFDWPEaqwd2kmo9XjKu4uEQ88 | H26: 20 | J26: - | K26: 2 | L26: https://drive.google.com/open?id=16PuCm7Q0aRkNGOetnf-raBRLjtjp3w5t | M26: - | N26: 8.5867686e+22 | O26: https://drive.google.com/open?id=1MN5BZTEZ4quVNQU_AcxQvAV7DHgCs5j9 | P26: 3
A27: 46205.803 | B27: 46205 | C27: Central Java (Jateng) | D27: Semarang | E27: Nurul Hidayah | F27: Blitz sekitar Kampus Udinus | G27: https://drive.google.com/open?id=11mT6gyVOwqNo3Lri4RHfSfbtX0kl7mVh | H27: 30 | J27: 3 | K27: 0 | L27: https://drive.google.com/open?id=1y0oQzl4HHNw8WdJj-KikAYc-RZTTNNhH | M27: 085842015925, 085842015501, 085842015496 | N27: 0 | O27: https://drive.google.com/open?id=1XnJ9zQiTI9lLIe4rZAneYjAAB0bojO9W | P27: 20
A28: 46205.84 | B28: 46205 | C28: Central Java (Jateng) | D28: Semarang | E28: NOOR ROOFI JUNMANTINI | F28: Hibizz | G28: https://drive.google.com/open?id=1B4DHKbPJE9C6tW9pIJsixQ0zWuXFhses | H28: 20 | J28: 1 | K28: 3 | L28: https://drive.google.com/open?id=1dUKVO73oTaG8HCfpcs02MYzRYUM-NsZD | M28: 085842015859 | N28: 8.1568348e+34 | O28: https://drive.google.com/open?id=1bxC_fHi9drCz78bDjtTYw3g8c3XLUqRt | P28: 12
A29: 46205.846 | B29: 46205 | C29: Central Java (Jateng) | D29: Semarang | E29: neha naura herwin | F29: nafiri pom | G29: https://drive.google.com/open?id=1PBLYzyfsjWgaMO1J7ABKFPQiMLPm8Sc0 | H29: 22 | J29: 1 | K29: 4 | L29: https://drive.google.com/open?id=1SkqhVpGvve4yjmeBkWVI0RcdF4s6OLvQ | M29: 085842015862 | N29: 085865947480, 085800110310, 081545617620, 081575497466 | O29: https://drive.google.com/open?id=1uMO7r6xbEpM71p-jC4QtfIwRxUwDnO2Y | P29: 17
A30: 46205.861 | B30: 46205 | C30: Central Java (Jateng) | D30: Sleman | E30: Ika adhelia | F30: Mobile | G30: https://drive.google.com/open?id=1afrXp1GplTLUzM4xXT75WiJuoN-ngnkL | H30: 20 | J30: 0 | K30: 0 | M30: 0 | N30: 0 | O30: https://drive.google.com/open?id=1RXEiBe-9Xbkbqk_mqODjwaq3yk0z3fc2 | P30: 0
A31: 46205.901 | B31: 46205 | C31: Central Java (Jateng) | D31: Semarang | E31: Zumalia Suci Retnowati | F31: Kimo cell | G31: https://drive.google.com/open?id=1fgFmJE2sMVpYA71STro-ZxbXEuvTs3_P | H31: 20 | J31: 0 | K31: 0 | M31: 0 | N31: . | O31: https://drive.google.com/open?id=19DnwMUSEraGmhJOCWmebvDnKw9ZPnc4G | P31: 8
A32: 46205.904 | B32: 46205 | C32: Central Java (Jateng) | D32: Solo | E32: Retha | F32: AGUDIA Cell | G32: https://drive.google.com/open?id=181wRUIvW4Ow5mbKqI7RNd4B7VmiUsTQq | H32: 11 | J32: 1 | K32: - | L32: https://drive.google.com/open?id=181LgwMZHVej-nNWqmjOihidOoQAuzv-z | M32: 089682619888 | N32: - | O32: https://drive.google.com/open?id=195jZIbrK1QwMfiScpfGS509nA3oC_nB5 | P32: 2
A33: 46205.947 | B33: 46205 | C33: Central Java (Jateng) | D33: Sleman | E33: SYAHRUL HADI MAULANA | F33: GANTENG GANTENG SELULER | G33: https://drive.google.com/open?id=1_LPPctpW-kmi1Uf7stRiImC-Fu4HQJEI | H33: 0 | J33: 20 | K33: 0 | M33: 085785767094 085785767095 085785767096 085785767097 085785767098 085785767099 085785767101 085785767102 085785767103 085785767104 085785767105 085785767106 085785767107 085785767109 085785767110 085785767112 085785767113 085785767115 085785767116 085785767118 | N33: 0 | O33: https://drive.google.com/open?id=1otstqmBjZnGHu_W3CSxtI8eZgxU-ZE5g | P33: 0
A34: 46205.954 | B34: 46205 | C34: Central Java (Jateng) | D34: Solo | E34: Eva diana | F34: mox cell | G34: https://drive.google.com/open?id=1JtslwcqIab8WBg3fSu0RqopGxwow6tjd | H34: 21 | J34: 2 | K34: 2 | L34: https://drive.google.com/open?id=12xbIFlZG5MSkefK3QY2lnZd-3xnEUmJv | M34: 0895703212135 | N34: +62 815-1737-7727 | O34: https://drive.google.com/open?id=1Om_2kjoU-3xE5RPGz3_n88UkOleGuIMx | P34: 17
A35: 46206.017 | B35: 46205 | C35: Central Java (Jateng) | D35: Yogyakarta | E35: Natalia Rizki Aria Wijaya | F35: Kampus UAD | G35: https://drive.google.com/open?id=1_g1kmed52bzszacDhMDqYYJ7Vvw-jwDk | H35: 16 | J35: 2 | K35: 0 | L35: https://drive.google.com/open?id=163AI-pl8wT4lMqQMK7RZhgRdIn-ibIhj | M35: 085842036577 085712158704 | N35: 0 | O35: https://drive.google.com/open?id=1b0fOhD5sG6x8weDWj2THFiYzcM6sdVdg | P35: 2
A36: 46206.096 | B36: 46205 | C36: Central Java (Jateng) | D36: Semarang | E36: M Mikail Azka (Kaka) | F36: Amos Cell | G36: https://drive.google.com/open?id=1T-mJOUCktA_9FQAeN5OpDBxz7oFpgqUo | H36: 19 | J36: 2 | K36: 0 | L36: https://drive.google.com/open?id=1QzxDtEjxXaSompp91QEVg08XGVYH79IJ | M36: 8.5842016e+22 | N36: - | O36: https://drive.google.com/open?id=1jRXVacmhTJmnk6sL25gyT7uKTQr5lFkn | P36: 14
A37: 46206.279 | B37: 46205 | C37: Central Java (Jateng) | D37: Yogyakarta | E37: Rebeka tiara busono | F37: Areauin | G37: https://drive.google.com/open?id=1GLZdwP8A8fBEpN0cRb1L6mZUQDaPGujT | H37: 20 | J37: 3 | K37: 2 | L37: https://drive.google.com/open?id=14Jq2ukddK3cGk72kCGAv7BhHY8CzvEC2 | M37: 085712158468 | N37: 085712158303 | O37: https://drive.google.com/open?id=1jc4qnTAqf2ZTNWILsFU1_upmRn_Vu7PX | P37: 3
A38: 46206.745 | B38: 46206 | C38: Central Java (Jateng) | D38: Semarang | E38: Septy maulida ( sely ) | F38: Susan cell | G38: https://drive.google.com/open?id=1pchqg5SO-yYVRW2LexxMVphGc-GGpg-3 | H38: 3 | J38: 0 | K38: 0 | M38: 0 | N38: 0 | O38: https://drive.google.com/open?id=1B5IM5RZEP6Dp3BMi4qnPib2K1Ybk6gZP | P38: 3
A39: 46206.774 | B39: 46206 | C39: Central Java (Jateng) | D39: Semarang | E39: Nurul Hidayah | F39: Event Seminar AI kampus Universitas Dian Nuswantoro (UDINUS) | G39: https://drive.google.com/open?id=11P0ouXCmoOYpOI7JkLsEuBd_CDoFf1LP | H39: 50 | J39: 14 | K39: 2 | L39: https://drive.google.com/open?id=1Hlim4AHyfk0H4BweyJmYEoXEMOIfcdWv | M39: 085842015909, 085842015504, 085842015922, 085791173154, 085791173163, 085842015271, 085842015968, 085842015860, 085842015987, 085791173136, 085791173151, 085842015502, 085842015271, 085842015971 | N39: 085876920004, 085700501175 | O39: https://drive.google.com/open?id=1Wck4MlP7nINUSLKN93TVQshS2TvEtqIn | P39: 30
A40: 46206.803 | B40: 46206 | C40: Central Java (Jateng) | D40: Semarang | E40: Zazha adelia soetikno | F40: Putra mandiri cell | G40: https://drive.google.com/open?id=1vXrN7w5kyx8jf8_2Lgvf25uZJcIhoY1S | H40: 50 | J40: 16 | K40: 0 | L40: https://drive.google.com/open?id=1LLN104CeO35TMc5xxa7CJB7otKmdM4L4 | M40: 085791173135, 085791173164,085842015961,085842015961,085791173172,085791173148,085791173122,085791173171,085842015974,085842015975,085842015979,085842015503,085842015805,085842015912,085842015808, 085842015806 | N40: 0 | O40: https://drive.google.com/open?id=1VvgxBv7e6mhn5im49UX4iz-VWgFsEUnp | P40: 30
A41: 46206.814 | B41: 46206 | C41: Central Java (Jateng) | D41: Sleman | E41: Ika adhelia | F41: Mobile | G41: https://drive.google.com/open?id=1YhXDxouA4Zz0EqEU_4z97bkjg7FiqV5w | H41: 20 | J41: 0 | K41: 0 | M41: 0 | N41: 0 | O41: https://drive.google.com/open?id=1GsVIcQhieEc6XAzKQU8Wi-7VxgfQKlkV | P41: 0
A42: 46206.815 | B42: 46206 | C42: Central Java (Jateng) | D42: Semarang | E42: Bagus Nurul Khamid | F42: Area semarang selatan | G42: https://drive.google.com/open?id=1qOeb0Ri8k3_YJkeo0VbCslkOevyzc_GL | H42: * 8 | J42: * 2 | K42: *0 | L42: https://drive.google.com/open?id=1tAf5dKeVd7SNvoX4mqsub7sHd0AbC4OJ | M42: 1.089673499234 2. 0895634252328 | N42: *0 | O42: https://drive.google.com/open?id=1gjS8pZYc6-gNFQSk-GByhtMt0cr6d022 | P42: * 2
A43: 46206.875 | B43: 46206 | C43: Central Java (Jateng) | D43: Semarang | E43: Devi kumala novianti | F43: Aristo | G43: https://drive.google.com/open?id=1lBkuIKFCxm_sAhGnmHmfWF-nru43w09m | H43: 21 | J43: 1 | K43: 0 | L43: https://drive.google.com/open?id=1pSkM4NFeERqKPp_YxB1GmifJiStwJ31o | M43: 0895622989306 | N43: 0 | O43: https://drive.google.com/open?id=1fPZd5danS3zON9d6v285XBBaOxDqsQ5k | P43: 14
A44: 46206.892 | B44: 46206 | C44: Central Java (Jateng) | D44: Semarang | E44: NEHA NAURA HERWIN | F44: nafiri pom | G44: https://drive.google.com/open?id=1LCFjfwP8etb19BDDuCEoq1Z5gUJPpKm- | H44: 42 | J44: 0 | K44: 21 | L44: https://drive.google.com/open?id=1lRwtKvPQX3cfYlhGnB3hHfW4ELFStGdy | M44: 0 | N44: 085842015504, 085842015869, 085791173153, 085791173152, 085842015960, 085842015964, 085752024452, 085842015966, 0858702171538, 085842015927, 08157683435, 085842015923, 085842015980, 085842015272, 085652233575, 085842015499, 085878600507, 0859653943807, 0895341126981, 085842015977 | O44: https://drive.google.com/open?id=17v10QCZFMZY-TApGx5xQYvofa1MOdKCF | P44: 21
A45: 46206.905 | B45: 46206 | C45: Central Java (Jateng) | D45: Yogyakarta | E45: Sugiyanti | F45: Kampus ISI dan sekitarnya | G45: https://drive.google.com/open?id=1aeHyJPhI4QNoXZAdMmB35wC5GXrOF5mr | H45: 20 | J45: 0 | K45: 0 | M45: 0 | N45: 0 | O45: https://drive.google.com/open?id=12HWn2K-EcXVPngRqSP2hPFXAj1bdcSDL | P45: 0
A46: 46206.932 | B46: 46206 | C46: Central Java (Jateng) | D46: Semarang | E46: Zumalia Suci Retnowati | F46: Kimo cell | G46: https://drive.google.com/open?id=1yqq498E50Eo8cKwAJHXAyZ4IuQBSUUMN | H46: 30 | J46: 1 | K46: 1 | M46: 085640075130, 089525608574, 089699089887, 0895423716868, 0895321446509, 089630640976, 089514775897 | N46: 089525608574 | O46: https://drive.google.com/open?id=19hRDWlMk8TuGYdyg2nCX1iiA707ZXSKd | P46: 7
A47: 46206.948 | B47: 46205 | C47: Central Java (Jateng) | D47: Yogyakarta | E47: Nia febriyanti | F47: SKA CELL | G47: https://drive.google.com/open?id=1Ldjo9UP_ODjtqO4bg9scVGqXO47eUz24 | H47: 17 | J47: 4 | K47: 0 | L47: https://drive.google.com/open?id=1A8nU_MBSkasSlGJGiyE34DhJ9pRa8XTp | M47: 085738047717, 085738047718, 085738047713,085738047714 | N47: 0 | O47: https://drive.google.com/open?id=1WTY6b8XTZcEsYU6CY3KRa_Bn1wFCr29x | P47: 4
A48: 46206.952 | B48: 46206 | C48: Central Java (Jateng) | D48: Yogyakarta | E48: Nia febriyanti | F48: Ska cell | G48: https://drive.google.com/open?id=1zcjgkdBHZIzDRcN4L-ryCk69hw2hcfhq | H48: 19 | J48: 4 | K48: 0 | L48: https://drive.google.com/open?id=1Af3FaUrIr5twGF65XyP9gRInPnhCuyZW | M48: 085738047715, 085738047716, 085712158768, 085712158757 | N48: 0 | O48: https://drive.google.com/open?id=1xDCP4Idm-JdOBmwkw5Ud9Bew6d8snO1a | P48: 4
A49: 46206.955 | B49: 46206 | C49: Central Java (Jateng) | D49: Solo | E49: Eva diana | F49: mox cell | G49: https://drive.google.com/open?id=1ckV_I_bRynVWOWFV37jCEgr8amAzilhf | H49: 14 | J49: 3 | K49: 10 | L49: https://drive.google.com/open?id=1JNVOmLBXpSj_O98Z2kXY123bQ90C1KKh | M49: 08572687760 | N49: - | O49: https://drive.google.com/open?id=1gQQzXjhmj0pwXbE0IAKe_wizZ2OBmPT_ | P49: 15
A50: 46206.97 | B50: 46206 | C50: Central Java (Jateng) | D50: Solo | E50: Retha | F50: AGUDIA Cell | G50: https://drive.google.com/open?id=1kjeg2SWtkIAlOwm4REeSs2FFydkEe9yB | H50: 15 | J50: 4 | K50: 6 | L50: https://drive.google.com/open?id=1hyWDMwv2qkU_10P7KfPiYemHzldEB6pQ | M50: 085726899957 - 085726900058 - 085726900050 - 085815609695 | N50: 085602664267 - 085642100138 - 085727892269 -085641122496 -0895336260795 - 085815030148 | O50: https://drive.google.com/open?id=1eYptKW9CrmqQm21Yau8_oBM52l2c3R8T | P50: 3
A51: 46206.991 | B51: 46206 | C51: Central Java (Jateng) | D51: Yogyakarta | E51: Natalia Rizki Aria Wijaya | F51: Kampus PGRI | G51: https://drive.google.com/open?id=1vMWaK3lMiqPHz6WpbiCj087idn4URj-b | H51: 8 | J51: 0 | K51: 0 | L51: https://drive.google.com/open?id=1MeFDWqg4u4Du8PHLDrpNAJnx6HTZ202s | M51: 0 | N51: 0 | O51: https://drive.google.com/open?id=1nykUK4p-aS9XjUF1uPZEa7A9nSpfF1AN | P51: 0
A52: 46206.999 | B52: 46206 | C52: Central Java (Jateng) | D52: Semarang | E52: NOOR ROOFI JUNMANTINI | F52: Hibizz | G52: https://drive.google.com/open?id=1XfCjRxVftK_exqoasZyGZwX5aPMPpNjx | H52: 20 | J52: 20 | K52: 0 | L52: https://drive.google.com/open?id=1ToHOS2OczGqn61_ZRl4qatL2205Lrwr_ | M52: 8.5842015e+238 | N52: 0 | O52: https://drive.google.com/open?id=1nDOnwoGcpOddJmYhDQ08hstZgFLP-poD | P52: 20
A53: 46207.27 | B53: 46206 | C53: Central Java (Jateng) | D53: Semarang | E53: M Mikail Azka (Kaka) | F53: Amos Cell | G53: https://drive.google.com/open?id=1SbnPNPziakaSq0xGgjbiL7FSScEIDeGV | H53: 30 | J53: 13 | K53: 0 | L53: https://drive.google.com/open?id=1HLkPR2GYp5jEf6uTDp8Fkh4gHjKMaWT4 | M53: 8.5842016e+154 | N53: - | O53: https://drive.google.com/open?id=1y9dMzBbC6sB7xfOAkkcyZVClWC4LDWbB | P53: 27
A54: 46207.73 | B54: 46205 | C54: Central Java (Jateng) | D54: Yogyakarta | E54: Vian Erviana Reilyani | F54: Jogja Card | G54: https://drive.google.com/open?id=1wtDD6Pbxw7NcuSNRh-GNiqesjLtXtDk3 | H54: 11 | J54: 3 | K54: 0 | L54: https://drive.google.com/open?id=1qP2Wcbwr0rRF8cv9a_8ZHF4ekZ89cpuK | M54: 085738047698 085738047651 085738047698 | N54: 0 | O54: https://drive.google.com/open?id=1RH_7Ep5Na4v2kK9fRPIzwPpnmpmSYj3w | P54: 3
F56: Edukasi Total | G56: Rebuy Total | H56: Akuisisi Total
